Command line invocation:
    /Applications/Xcode.app/Contents/Developer/usr/bin/xcodebuild -project "Simple Calendar.xcodeproj" -scheme "Simple Calendar" -sdk macosx -destination platform=macOS clean build

Build settings from command line:
    SDKROOT = macosx26.1

2025-12-02 23:09:04.810 xcodebuild[1941:118363153] [MT] IDERunDestination: Supported platforms for the buildables in the current scheme is empty.
--- xcodebuild: WARNING: Using the first of multiple matching destinations:
{ platform:macOS, arch:arm64, id:00008112-001949842E45401E, name:My Mac }
{ platform:macOS, arch:x86_64, id:00008112-001949842E45401E, name:My Mac }
CreateBuildRequest

SendProjectDescription

CreateBuildOperation

** CLEAN SUCCEEDED **

--- xcodebuild: WARNING: Using the first of multiple matching destinations:
{ platform:macOS, arch:arm64, id:00008112-001949842E45401E, name:My Mac }
{ platform:macOS, arch:x86_64, id:00008112-001949842E45401E, name:My Mac }
ComputePackagePrebuildTargetDependencyGraph

Prepare packages

CreateBuildRequest

SendProjectDescription

CreateBuildOperation

ComputeTargetDependencyGraph
note: Building targets in dependency order
note: Target dependency graph (1 target)
    Target 'Simple Calendar' in project 'Simple Calendar' (no dependencies)

GatherProvisioningInputs

CreateBuildDescription

ExecuteExternalTool /Applications/Xcode.app/Contents/Developer/Toolchains/XcodeDefault.xctoolchain/usr/bin/clang -v -E -dM -isysroot /Applications/Xcode.app/Contents/Developer/Platforms/MacOSX.platform/Developer/SDKs/MacOSX26.1.sdk -x c -c /dev/null

ExecuteExternalTool /Applications/Xcode.app/Contents/Developer/usr/bin/actool --version --output-format xml1

ExecuteExternalTool /Applications/Xcode.app/Contents/Developer/Toolchains/XcodeDefault.xctoolchain/usr/bin/swiftc --version

ExecuteExternalTool /Applications/Xcode.app/Contents/Developer/Toolchains/XcodeDefault.xctoolchain/usr/bin/ld -version_details

Build description signature: 91bf7305a27d7c914519f0eb59e2bf3d
Build description path: /Users/nathanfennel/Library/Developer/Xcode/DerivedData/Simple_Calendar-ebdbavblwrmkibcmogqvhaymdqdg/Build/Intermediates.noindex/XCBuildData/91bf7305a27d7c914519f0eb59e2bf3d.xcbuilddata
ClangStatCache /Applications/Xcode.app/Contents/Developer/Toolchains/XcodeDefault.xctoolchain/usr/bin/clang-stat-cache /Applications/Xcode.app/Contents/Developer/Platforms/MacOSX.platform/Developer/SDKs/MacOSX26.1.sdk /Users/nathanfennel/Library/Developer/Xcode/DerivedData/SDKStatCaches.noindex/macosx26.1-25B74-3ae1261907bdadc328169391a47051a6.sdkstatcache
    cd /Users/nathanfennel/Library/Mobile\ Documents/com\~apple\~CloudDocs/Xcode\ Projects/Simple\ Calendar/Simple\ Calendar.xcodeproj
    /Applications/Xcode.app/Contents/Developer/Toolchains/XcodeDefault.xctoolchain/usr/bin/clang-stat-cache /Applications/Xcode.app/Contents/Developer/Platforms/MacOSX.platform/Developer/SDKs/MacOSX26.1.sdk -o /Users/nathanfennel/Library/Developer/Xcode/DerivedData/SDKStatCaches.noindex/macosx26.1-25B74-3ae1261907bdadc328169391a47051a6.sdkstatcache

CreateBuildDirectory /Users/nathanfennel/Library/Developer/Xcode/DerivedData/Simple_Calendar-ebdbavblwrmkibcmogqvhaymdqdg/Build/Products
    cd /Users/nathanfennel/Library/Mobile\ Documents/com\~apple\~CloudDocs/Xcode\ Projects/Simple\ Calendar/Simple\ Calendar.xcodeproj
    builtin-create-build-directory /Users/nathanfennel/Library/Developer/Xcode/DerivedData/Simple_Calendar-ebdbavblwrmkibcmogqvhaymdqdg/Build/Products

CreateBuildDirectory /Users/nathanfennel/Library/Developer/Xcode/DerivedData/Simple_Calendar-ebdbavblwrmkibcmogqvhaymdqdg/Build/Intermediates.noindex
    cd /Users/nathanfennel/Library/Mobile\ Documents/com\~apple\~CloudDocs/Xcode\ Projects/Simple\ Calendar/Simple\ Calendar.xcodeproj
    builtin-create-build-directory /Users/nathanfennel/Library/Developer/Xcode/DerivedData/Simple_Calendar-ebdbavblwrmkibcmogqvhaymdqdg/Build/Intermediates.noindex

CreateBuildDirectory /Users/nathanfennel/Library/Developer/Xcode/DerivedData/Simple_Calendar-ebdbavblwrmkibcmogqvhaymdqdg/Build/Products/Debug
    cd /Users/nathanfennel/Library/Mobile\ Documents/com\~apple\~CloudDocs/Xcode\ Projects/Simple\ Calendar/Simple\ Calendar.xcodeproj
    builtin-create-build-directory /Users/nathanfennel/Library/Developer/Xcode/DerivedData/Simple_Calendar-ebdbavblwrmkibcmogqvhaymdqdg/Build/Products/Debug

CreateBuildDirectory /Users/nathanfennel/Library/Developer/Xcode/DerivedData/Simple_Calendar-ebdbavblwrmkibcmogqvhaymdqdg/Build/Intermediates.noindex/ExplicitPrecompiledModules
    cd /Users/nathanfennel/Library/Mobile\ Documents/com\~apple\~CloudDocs/Xcode\ Projects/Simple\ Calendar/Simple\ Calendar.xcodeproj
    builtin-create-build-directory /Users/nathanfennel/Library/Developer/Xcode/DerivedData/Simple_Calendar-ebdbavblwrmkibcmogqvhaymdqdg/Build/Intermediates.noindex/ExplicitPrecompiledModules

CreateBuildDirectory /Users/nathanfennel/Library/Developer/Xcode/DerivedData/Simple_Calendar-ebdbavblwrmkibcmogqvhaymdqdg/Build/Intermediates.noindex/SwiftExplicitPrecompiledModules
    cd /Users/nathanfennel/Library/Mobile\ Documents/com\~apple\~CloudDocs/Xcode\ Projects/Simple\ Calendar/Simple\ Calendar.xcodeproj
    builtin-create-build-directory /Users/nathanfennel/Library/Developer/Xcode/DerivedData/Simple_Calendar-ebdbavblwrmkibcmogqvhaymdqdg/Build/Intermediates.noindex/SwiftExplicitPrecompiledModules

WriteAuxiliaryFile /Users/nathanfennel/Library/Developer/Xcode/DerivedData/Simple_Calendar-ebdbavblwrmkibcmogqvhaymdqdg/Build/Intermediates.noindex/Simple\ Calendar.build/Debug/Simple\ Calendar-1addfdc1819bc74bf96bf5a7c6d2f202-VFS/all-product-headers.yaml
    cd /Users/nathanfennel/Library/Mobile\ Documents/com\~apple\~CloudDocs/Xcode\ Projects/Simple\ Calendar/Simple\ Calendar.xcodeproj
    write-file /Users/nathanfennel/Library/Developer/Xcode/DerivedData/Simple_Calendar-ebdbavblwrmkibcmogqvhaymdqdg/Build/Intermediates.noindex/Simple\ Calendar.build/Debug/Simple\ Calendar-1addfdc1819bc74bf96bf5a7c6d2f202-VFS/all-product-headers.yaml

CreateBuildDirectory /Users/nathanfennel/Library/Developer/Xcode/DerivedData/Simple_Calendar-ebdbavblwrmkibcmogqvhaymdqdg/Build/Intermediates.noindex/EagerLinkingTBDs/Debug
    cd /Users/nathanfennel/Library/Mobile\ Documents/com\~apple\~CloudDocs/Xcode\ Projects/Simple\ Calendar/Simple\ Calendar.xcodeproj
    builtin-create-build-directory /Users/nathanfennel/Library/Developer/Xcode/DerivedData/Simple_Calendar-ebdbavblwrmkibcmogqvhaymdqdg/Build/Intermediates.noindex/EagerLinkingTBDs/Debug

WriteAuxiliaryFile /Users/nathanfennel/Library/Developer/Xcode/DerivedData/Simple_Calendar-ebdbavblwrmkibcmogqvhaymdqdg/Build/Intermediates.noindex/Simple\ Calendar.build/Debug/Simple\ Calendar.build/Simple\ Calendar.DependencyMetadataFileList (in target 'Simple Calendar' from project 'Simple Calendar')
    cd /Users/nathanfennel/Library/Mobile\ Documents/com\~apple\~CloudDocs/Xcode\ Projects/Simple\ Calendar
    write-file /Users/nathanfennel/Library/Developer/Xcode/DerivedData/Simple_Calendar-ebdbavblwrmkibcmogqvhaymdqdg/Build/Intermediates.noindex/Simple\ Calendar.build/Debug/Simple\ Calendar.build/Simple\ Calendar.DependencyMetadataFileList

WriteAuxiliaryFile /Users/nathanfennel/Library/Developer/Xcode/DerivedData/Simple_Calendar-ebdbavblwrmkibcmogqvhaymdqdg/Build/Intermediates.noindex/Simple\ Calendar.build/Debug/Simple\ Calendar.build/Simple\ Calendar-project-headers.hmap (in target 'Simple Calendar' from project 'Simple Calendar')
    cd /Users/nathanfennel/Library/Mobile\ Documents/com\~apple\~CloudDocs/Xcode\ Projects/Simple\ Calendar
    write-file /Users/nathanfennel/Library/Developer/Xcode/DerivedData/Simple_Calendar-ebdbavblwrmkibcmogqvhaymdqdg/Build/Intermediates.noindex/Simple\ Calendar.build/Debug/Simple\ Calendar.build/Simple\ Calendar-project-headers.hmap

WriteAuxiliaryFile /Users/nathanfennel/Library/Developer/Xcode/DerivedData/Simple_Calendar-ebdbavblwrmkibcmogqvhaymdqdg/Build/Intermediates.noindex/Simple\ Calendar.build/Debug/Simple\ Calendar.build/Simple\ Calendar.hmap (in target 'Simple Calendar' from project 'Simple Calendar')
    cd /Users/nathanfennel/Library/Mobile\ Documents/com\~apple\~CloudDocs/Xcode\ Projects/Simple\ Calendar
    write-file /Users/nathanfennel/Library/Developer/Xcode/DerivedData/Simple_Calendar-ebdbavblwrmkibcmogqvhaymdqdg/Build/Intermediates.noindex/Simple\ Calendar.build/Debug/Simple\ Calendar.build/Simple\ Calendar.hmap

WriteAuxiliaryFile /Users/nathanfennel/Library/Developer/Xcode/DerivedData/Simple_Calendar-ebdbavblwrmkibcmogqvhaymdqdg/Build/Intermediates.noindex/Simple\ Calendar.build/Debug/Simple\ Calendar.build/Simple\ Calendar-generated-files.hmap (in target 'Simple Calendar' from project 'Simple Calendar')
    cd /Users/nathanfennel/Library/Mobile\ Documents/com\~apple\~CloudDocs/Xcode\ Projects/Simple\ Calendar
    write-file /Users/nathanfennel/Library/Developer/Xcode/DerivedData/Simple_Calendar-ebdbavblwrmkibcmogqvhaymdqdg/Build/Intermediates.noindex/Simple\ Calendar.build/Debug/Simple\ Calendar.build/Simple\ Calendar-generated-files.hmap

WriteAuxiliaryFile /Users/nathanfennel/Library/Developer/Xcode/DerivedData/Simple_Calendar-ebdbavblwrmkibcmogqvhaymdqdg/Build/Intermediates.noindex/Simple\ Calendar.build/Debug/Simple\ Calendar.build/Simple\ Calendar-own-target-headers.hmap (in target 'Simple Calendar' from project 'Simple Calendar')
    cd /Users/nathanfennel/Library/Mobile\ Documents/com\~apple\~CloudDocs/Xcode\ Projects/Simple\ Calendar
    write-file /Users/nathanfennel/Library/Developer/Xcode/DerivedData/Simple_Calendar-ebdbavblwrmkibcmogqvhaymdqdg/Build/Intermediates.noindex/Simple\ Calendar.build/Debug/Simple\ Calendar.build/Simple\ Calendar-own-target-headers.hmap

WriteAuxiliaryFile /Users/nathanfennel/Library/Developer/Xcode/DerivedData/Simple_Calendar-ebdbavblwrmkibcmogqvhaymdqdg/Build/Intermediates.noindex/Simple\ Calendar.build/Debug/Simple\ Calendar.build/Simple\ Calendar.DependencyStaticMetadataFileList (in target 'Simple Calendar' from project 'Simple Calendar')
    cd /Users/nathanfennel/Library/Mobile\ Documents/com\~apple\~CloudDocs/Xcode\ Projects/Simple\ Calendar
    write-file /Users/nathanfennel/Library/Developer/Xcode/DerivedData/Simple_Calendar-ebdbavblwrmkibcmogqvhaymdqdg/Build/Intermediates.noindex/Simple\ Calendar.build/Debug/Simple\ Calendar.build/Simple\ Calendar.DependencyStaticMetadataFileList

WriteAuxiliaryFile /Users/nathanfennel/Library/Developer/Xcode/DerivedData/Simple_Calendar-ebdbavblwrmkibcmogqvhaymdqdg/Build/Intermediates.noindex/Simple\ Calendar.build/Debug/Simple\ Calendar.build/Simple\ Calendar-all-target-headers.hmap (in target 'Simple Calendar' from project 'Simple Calendar')
    cd /Users/nathanfennel/Library/Mobile\ Documents/com\~apple\~CloudDocs/Xcode\ Projects/Simple\ Calendar
    write-file /Users/nathanfennel/Library/Developer/Xcode/DerivedData/Simple_Calendar-ebdbavblwrmkibcmogqvhaymdqdg/Build/Intermediates.noindex/Simple\ Calendar.build/Debug/Simple\ Calendar.build/Simple\ Calendar-all-target-headers.hmap

WriteAuxiliaryFile /Users/nathanfennel/Library/Developer/Xcode/DerivedData/Simple_Calendar-ebdbavblwrmkibcmogqvhaymdqdg/Build/Intermediates.noindex/Simple\ Calendar.build/Debug/Simple\ Calendar.build/Simple\ Calendar-all-non-framework-target-headers.hmap (in target 'Simple Calendar' from project 'Simple Calendar')
    cd /Users/nathanfennel/Library/Mobile\ Documents/com\~apple\~CloudDocs/Xcode\ Projects/Simple\ Calendar
    write-file /Users/nathanfennel/Library/Developer/Xcode/DerivedData/Simple_Calendar-ebdbavblwrmkibcmogqvhaymdqdg/Build/Intermediates.noindex/Simple\ Calendar.build/Debug/Simple\ Calendar.build/Simple\ Calendar-all-non-framework-target-headers.hmap

WriteAuxiliaryFile /Users/nathanfennel/Library/Developer/Xcode/DerivedData/Simple_Calendar-ebdbavblwrmkibcmogqvhaymdqdg/Build/Intermediates.noindex/Simple\ Calendar.build/Debug/Simple\ Calendar.build/Simple\ Calendar-DebugDylibPath-normal-arm64.txt (in target 'Simple Calendar' from project 'Simple Calendar')
    cd /Users/nathanfennel/Library/Mobile\ Documents/com\~apple\~CloudDocs/Xcode\ Projects/Simple\ Calendar
    write-file /Users/nathanfennel/Library/Developer/Xcode/DerivedData/Simple_Calendar-ebdbavblwrmkibcmogqvhaymdqdg/Build/Intermediates.noindex/Simple\ Calendar.build/Debug/Simple\ Calendar.build/Simple\ Calendar-DebugDylibPath-normal-arm64.txt

WriteAuxiliaryFile /Users/nathanfennel/Library/Developer/Xcode/DerivedData/Simple_Calendar-ebdbavblwrmkibcmogqvhaymdqdg/Build/Intermediates.noindex/Simple\ Calendar.build/Debug/Simple\ Calendar.build/Simple\ Calendar-DebugDylibInstallName-normal-arm64.txt (in target 'Simple Calendar' from project 'Simple Calendar')
    cd /Users/nathanfennel/Library/Mobile\ Documents/com\~apple\~CloudDocs/Xcode\ Projects/Simple\ Calendar
    write-file /Users/nathanfennel/Library/Developer/Xcode/DerivedData/Simple_Calendar-ebdbavblwrmkibcmogqvhaymdqdg/Build/Intermediates.noindex/Simple\ Calendar.build/Debug/Simple\ Calendar.build/Simple\ Calendar-DebugDylibInstallName-normal-arm64.txt

WriteAuxiliaryFile /Users/nathanfennel/Library/Developer/Xcode/DerivedData/Simple_Calendar-ebdbavblwrmkibcmogqvhaymdqdg/Build/Intermediates.noindex/Simple\ Calendar.build/Debug/Simple\ Calendar.build/Objects-normal/arm64/Simple\ Calendar.SwiftFileList (in target 'Simple Calendar' from project 'Simple Calendar')
    cd /Users/nathanfennel/Library/Mobile\ Documents/com\~apple\~CloudDocs/Xcode\ Projects/Simple\ Calendar
    write-file /Users/nathanfennel/Library/Developer/Xcode/DerivedData/Simple_Calendar-ebdbavblwrmkibcmogqvhaymdqdg/Build/Intermediates.noindex/Simple\ Calendar.build/Debug/Simple\ Calendar.build/Objects-normal/arm64/Simple\ Calendar.SwiftFileList

WriteAuxiliaryFile /Users/nathanfennel/Library/Developer/Xcode/DerivedData/Simple_Calendar-ebdbavblwrmkibcmogqvhaymdqdg/Build/Intermediates.noindex/Simple\ Calendar.build/Debug/Simple\ Calendar.build/Objects-normal/arm64/Simple\ Calendar_const_extract_protocols.json (in target 'Simple Calendar' from project 'Simple Calendar')
    cd /Users/nathanfennel/Library/Mobile\ Documents/com\~apple\~CloudDocs/Xcode\ Projects/Simple\ Calendar
    write-file /Users/nathanfennel/Library/Developer/Xcode/DerivedData/Simple_Calendar-ebdbavblwrmkibcmogqvhaymdqdg/Build/Intermediates.noindex/Simple\ Calendar.build/Debug/Simple\ Calendar.build/Objects-normal/arm64/Simple\ Calendar_const_extract_protocols.json

WriteAuxiliaryFile /Users/nathanfennel/Library/Developer/Xcode/DerivedData/Simple_Calendar-ebdbavblwrmkibcmogqvhaymdqdg/Build/Intermediates.noindex/Simple\ Calendar.build/Debug/Simple\ Calendar.build/Objects-normal/arm64/Simple\ Calendar.SwiftConstValuesFileList (in target 'Simple Calendar' from project 'Simple Calendar')
    cd /Users/nathanfennel/Library/Mobile\ Documents/com\~apple\~CloudDocs/Xcode\ Projects/Simple\ Calendar
    write-file /Users/nathanfennel/Library/Developer/Xcode/DerivedData/Simple_Calendar-ebdbavblwrmkibcmogqvhaymdqdg/Build/Intermediates.noindex/Simple\ Calendar.build/Debug/Simple\ Calendar.build/Objects-normal/arm64/Simple\ Calendar.SwiftConstValuesFileList

WriteAuxiliaryFile /Users/nathanfennel/Library/Developer/Xcode/DerivedData/Simple_Calendar-ebdbavblwrmkibcmogqvhaymdqdg/Build/Intermediates.noindex/Simple\ Calendar.build/Debug/Simple\ Calendar.build/Objects-normal/arm64/Simple\ Calendar.LinkFileList (in target 'Simple Calendar' from project 'Simple Calendar')
    cd /Users/nathanfennel/Library/Mobile\ Documents/com\~apple\~CloudDocs/Xcode\ Projects/Simple\ Calendar
    write-file /Users/nathanfennel/Library/Developer/Xcode/DerivedData/Simple_Calendar-ebdbavblwrmkibcmogqvhaymdqdg/Build/Intermediates.noindex/Simple\ Calendar.build/Debug/Simple\ Calendar.build/Objects-normal/arm64/Simple\ Calendar.LinkFileList

WriteAuxiliaryFile /Users/nathanfennel/Library/Developer/Xcode/DerivedData/Simple_Calendar-ebdbavblwrmkibcmogqvhaymdqdg/Build/Intermediates.noindex/Simple\ Calendar.build/Debug/Simple\ Calendar.build/Objects-normal/arm64/Simple\ Calendar-OutputFileMap.json (in target 'Simple Calendar' from project 'Simple Calendar')
    cd /Users/nathanfennel/Library/Mobile\ Documents/com\~apple\~CloudDocs/Xcode\ Projects/Simple\ Calendar
    write-file /Users/nathanfennel/Library/Developer/Xcode/DerivedData/Simple_Calendar-ebdbavblwrmkibcmogqvhaymdqdg/Build/Intermediates.noindex/Simple\ Calendar.build/Debug/Simple\ Calendar.build/Objects-normal/arm64/Simple\ Calendar-OutputFileMap.json

WriteAuxiliaryFile /Users/nathanfennel/Library/Developer/Xcode/DerivedData/Simple_Calendar-ebdbavblwrmkibcmogqvhaymdqdg/Build/Intermediates.noindex/Simple\ Calendar.build/Debug/Simple\ Calendar.build/DerivedSources/Entitlements.plist (in target 'Simple Calendar' from project 'Simple Calendar')
    cd /Users/nathanfennel/Library/Mobile\ Documents/com\~apple\~CloudDocs/Xcode\ Projects/Simple\ Calendar
    write-file /Users/nathanfennel/Library/Developer/Xcode/DerivedData/Simple_Calendar-ebdbavblwrmkibcmogqvhaymdqdg/Build/Intermediates.noindex/Simple\ Calendar.build/Debug/Simple\ Calendar.build/DerivedSources/Entitlements.plist

MkDir /Users/nathanfennel/Library/Developer/Xcode/DerivedData/Simple_Calendar-ebdbavblwrmkibcmogqvhaymdqdg/Build/Products/Debug/Simple\ Calendar.app/Contents (in target 'Simple Calendar' from project 'Simple Calendar')
    cd /Users/nathanfennel/Library/Mobile\ Documents/com\~apple\~CloudDocs/Xcode\ Projects/Simple\ Calendar
    /bin/mkdir -p /Users/nathanfennel/Library/Developer/Xcode/DerivedData/Simple_Calendar-ebdbavblwrmkibcmogqvhaymdqdg/Build/Products/Debug/Simple\ Calendar.app/Contents

MkDir /Users/nathanfennel/Library/Developer/Xcode/DerivedData/Simple_Calendar-ebdbavblwrmkibcmogqvhaymdqdg/Build/Products/Debug/Simple\ Calendar.app/Contents/Resources (in target 'Simple Calendar' from project 'Simple Calendar')
    cd /Users/nathanfennel/Library/Mobile\ Documents/com\~apple\~CloudDocs/Xcode\ Projects/Simple\ Calendar
    /bin/mkdir -p /Users/nathanfennel/Library/Developer/Xcode/DerivedData/Simple_Calendar-ebdbavblwrmkibcmogqvhaymdqdg/Build/Products/Debug/Simple\ Calendar.app/Contents/Resources

MkDir /Users/nathanfennel/Library/Developer/Xcode/DerivedData/Simple_Calendar-ebdbavblwrmkibcmogqvhaymdqdg/Build/Products/Debug/Simple\ Calendar.app/Contents/MacOS (in target 'Simple Calendar' from project 'Simple Calendar')
    cd /Users/nathanfennel/Library/Mobile\ Documents/com\~apple\~CloudDocs/Xcode\ Projects/Simple\ Calendar
    /bin/mkdir -p /Users/nathanfennel/Library/Developer/Xcode/DerivedData/Simple_Calendar-ebdbavblwrmkibcmogqvhaymdqdg/Build/Products/Debug/Simple\ Calendar.app/Contents/MacOS

MkDir /Users/nathanfennel/Library/Developer/Xcode/DerivedData/Simple_Calendar-ebdbavblwrmkibcmogqvhaymdqdg/Build/Products/Debug/Simple\ Calendar.app (in target 'Simple Calendar' from project 'Simple Calendar')
    cd /Users/nathanfennel/Library/Mobile\ Documents/com\~apple\~CloudDocs/Xcode\ Projects/Simple\ Calendar
    /bin/mkdir -p /Users/nathanfennel/Library/Developer/Xcode/DerivedData/Simple_Calendar-ebdbavblwrmkibcmogqvhaymdqdg/Build/Products/Debug/Simple\ Calendar.app

ProcessProductPackaging "" /Users/nathanfennel/Library/Developer/Xcode/DerivedData/Simple_Calendar-ebdbavblwrmkibcmogqvhaymdqdg/Build/Intermediates.noindex/Simple\ Calendar.build/Debug/Simple\ Calendar.build/Simple\ Calendar.app.xcent (in target 'Simple Calendar' from project 'Simple Calendar')
    cd /Users/nathanfennel/Library/Mobile\ Documents/com\~apple\~CloudDocs/Xcode\ Projects/Simple\ Calendar
    
    Entitlements:
    
    {
    "com.apple.security.app-sandbox" = 1;
    "com.apple.security.files.user-selected.read-only" = 1;
    "com.apple.security.get-task-allow" = 1;
}
    
    builtin-productPackagingUtility -entitlements -format xml -o /Users/nathanfennel/Library/Developer/Xcode/DerivedData/Simple_Calendar-ebdbavblwrmkibcmogqvhaymdqdg/Build/Intermediates.noindex/Simple\ Calendar.build/Debug/Simple\ Calendar.build/Simple\ Calendar.app.xcent

ProcessProductPackagingDER /Users/nathanfennel/Library/Developer/Xcode/DerivedData/Simple_Calendar-ebdbavblwrmkibcmogqvhaymdqdg/Build/Intermediates.noindex/Simple\ Calendar.build/Debug/Simple\ Calendar.build/Simple\ Calendar.app.xcent /Users/nathanfennel/Library/Developer/Xcode/DerivedData/Simple_Calendar-ebdbavblwrmkibcmogqvhaymdqdg/Build/Intermediates.noindex/Simple\ Calendar.build/Debug/Simple\ Calendar.build/Simple\ Calendar.app.xcent.der (in target 'Simple Calendar' from project 'Simple Calendar')
    cd /Users/nathanfennel/Library/Mobile\ Documents/com\~apple\~CloudDocs/Xcode\ Projects/Simple\ Calendar
    /usr/bin/derq query -f xml -i /Users/nathanfennel/Library/Developer/Xcode/DerivedData/Simple_Calendar-ebdbavblwrmkibcmogqvhaymdqdg/Build/Intermediates.noindex/Simple\ Calendar.build/Debug/Simple\ Calendar.build/Simple\ Calendar.app.xcent -o /Users/nathanfennel/Library/Developer/Xcode/DerivedData/Simple_Calendar-ebdbavblwrmkibcmogqvhaymdqdg/Build/Intermediates.noindex/Simple\ Calendar.build/Debug/Simple\ Calendar.build/Simple\ Calendar.app.xcent.der --raw

Ld /Users/nathanfennel/Library/Developer/Xcode/DerivedData/Simple_Calendar-ebdbavblwrmkibcmogqvhaymdqdg/Build/Products/Debug/Simple\ Calendar.app/Contents/MacOS/__preview.dylib normal (in target 'Simple Calendar' from project 'Simple Calendar')
    cd /Users/nathanfennel/Library/Mobile\ Documents/com\~apple\~CloudDocs/Xcode\ Projects/Simple\ Calendar
    /Applications/Xcode.app/Contents/Developer/Toolchains/XcodeDefault.xctoolchain/usr/bin/clang -Xlinker -reproducible -target arm64-apple-macos15.6 -dynamiclib -isysroot /Applications/Xcode.app/Contents/Developer/Platforms/MacOSX.platform/Developer/SDKs/MacOSX26.1.sdk -O0 -L/Users/nathanfennel/Library/Developer/Xcode/DerivedData/Simple_Calendar-ebdbavblwrmkibcmogqvhaymdqdg/Build/Products/Debug -F/Users/nathanfennel/Library/Developer/Xcode/DerivedData/Simple_Calendar-ebdbavblwrmkibcmogqvhaymdqdg/Build/Products/Debug -install_name @rpath/Simple\ Calendar.debug.dylib -rdynamic -Xlinker -no_deduplicate -Xlinker -debug_variant -Xlinker -dependency_info -Xlinker /Users/nathanfennel/Library/Developer/Xcode/DerivedData/Simple_Calendar-ebdbavblwrmkibcmogqvhaymdqdg/Build/Intermediates.noindex/Simple\ Calendar.build/Debug/Simple\ Calendar.build/Objects-normal/arm64/Simple\ Calendar_dependency_info.dat -Xlinker -no_adhoc_codesign -o /Users/nathanfennel/Library/Developer/Xcode/DerivedData/Simple_Calendar-ebdbavblwrmkibcmogqvhaymdqdg/Build/Products/Debug/Simple\ Calendar.app/Contents/MacOS/__preview.dylib

MkDir /Users/nathanfennel/Library/Developer/Xcode/DerivedData/Simple_Calendar-ebdbavblwrmkibcmogqvhaymdqdg/Build/Intermediates.noindex/Simple\ Calendar.build/Debug/Simple\ Calendar.build/assetcatalog_output/unthinned (in target 'Simple Calendar' from project 'Simple Calendar')
    cd /Users/nathanfennel/Library/Mobile\ Documents/com\~apple\~CloudDocs/Xcode\ Projects/Simple\ Calendar
    /bin/mkdir -p /Users/nathanfennel/Library/Developer/Xcode/DerivedData/Simple_Calendar-ebdbavblwrmkibcmogqvhaymdqdg/Build/Intermediates.noindex/Simple\ Calendar.build/Debug/Simple\ Calendar.build/assetcatalog_output/unthinned

MkDir /Users/nathanfennel/Library/Developer/Xcode/DerivedData/Simple_Calendar-ebdbavblwrmkibcmogqvhaymdqdg/Build/Intermediates.noindex/Simple\ Calendar.build/Debug/Simple\ Calendar.build/assetcatalog_output/thinned (in target 'Simple Calendar' from project 'Simple Calendar')
    cd /Users/nathanfennel/Library/Mobile\ Documents/com\~apple\~CloudDocs/Xcode\ Projects/Simple\ Calendar
    /bin/mkdir -p /Users/nathanfennel/Library/Developer/Xcode/DerivedData/Simple_Calendar-ebdbavblwrmkibcmogqvhaymdqdg/Build/Intermediates.noindex/Simple\ Calendar.build/Debug/Simple\ Calendar.build/assetcatalog_output/thinned

GenerateAssetSymbols /Users/nathanfennel/Library/Mobile\ Documents/com~apple~CloudDocs/Xcode\ Projects/Simple\ Calendar/Simple\ Calendar/Assets.xcassets (in target 'Simple Calendar' from project 'Simple Calendar')
    cd /Users/nathanfennel/Library/Mobile\ Documents/com\~apple\~CloudDocs/Xcode\ Projects/Simple\ Calendar
    /Applications/Xcode.app/Contents/Developer/usr/bin/actool /Users/nathanfennel/Library/Mobile\ Documents/com\~apple\~CloudDocs/Xcode\ Projects/Simple\ Calendar/Simple\ Calendar/Assets.xcassets --compile /Users/nathanfennel/Library/Developer/Xcode/DerivedData/Simple_Calendar-ebdbavblwrmkibcmogqvhaymdqdg/Build/Products/Debug/Simple\ Calendar.app/Contents/Resources --output-format human-readable-text --notices --warnings --export-dependency-info /Users/nathanfennel/Library/Developer/Xcode/DerivedData/Simple_Calendar-ebdbavblwrmkibcmogqvhaymdqdg/Build/Intermediates.noindex/Simple\ Calendar.build/Debug/Simple\ Calendar.build/assetcatalog_dependencies --output-partial-info-plist /Users/nathanfennel/Library/Developer/Xcode/DerivedData/Simple_Calendar-ebdbavblwrmkibcmogqvhaymdqdg/Build/Intermediates.noindex/Simple\ Calendar.build/Debug/Simple\ Calendar.build/assetcatalog_generated_info.plist --app-icon AppIcon --include-all-app-icons --accent-color AccentColor --enable-on-demand-resources NO --development-region en --target-device mac --minimum-deployment-target 15.6 --platform macosx --bundle-identifier com.nathanfennel.Simple-Calendar --generate-swift-asset-symbols /Users/nathanfennel/Library/Developer/Xcode/DerivedData/Simple_Calendar-ebdbavblwrmkibcmogqvhaymdqdg/Build/Intermediates.noindex/Simple\ Calendar.build/Debug/Simple\ Calendar.build/DerivedSources/GeneratedAssetSymbols.swift --generate-objc-asset-symbols /Users/nathanfennel/Library/Developer/Xcode/DerivedData/Simple_Calendar-ebdbavblwrmkibcmogqvhaymdqdg/Build/Intermediates.noindex/Simple\ Calendar.build/Debug/Simple\ Calendar.build/DerivedSources/GeneratedAssetSymbols.h --generate-asset-symbol-index /Users/nathanfennel/Library/Developer/Xcode/DerivedData/Simple_Calendar-ebdbavblwrmkibcmogqvhaymdqdg/Build/Intermediates.noindex/Simple\ Calendar.build/Debug/Simple\ Calendar.build/DerivedSources/GeneratedAssetSymbols-Index.plist
/* com.apple.actool.compilation-results */
/Users/nathanfennel/Library/Developer/Xcode/DerivedData/Simple_Calendar-ebdbavblwrmkibcmogqvhaymdqdg/Build/Intermediates.noindex/Simple Calendar.build/Debug/Simple Calendar.build/DerivedSources/GeneratedAssetSymbols-Index.plist
/Users/nathanfennel/Library/Developer/Xcode/DerivedData/Simple_Calendar-ebdbavblwrmkibcmogqvhaymdqdg/Build/Intermediates.noindex/Simple Calendar.build/Debug/Simple Calendar.build/DerivedSources/GeneratedAssetSymbols.h
/Users/nathanfennel/Library/Developer/Xcode/DerivedData/Simple_Calendar-ebdbavblwrmkibcmogqvhaymdqdg/Build/Intermediates.noindex/Simple Calendar.build/Debug/Simple Calendar.build/DerivedSources/GeneratedAssetSymbols.swift


CpResource /Users/nathanfennel/Library/Developer/Xcode/DerivedData/Simple_Calendar-ebdbavblwrmkibcmogqvhaymdqdg/Build/Products/Debug/Simple\ Calendar.app/Contents/Resources/SettingsView.swift.backup /Users/nathanfennel/Library/Mobile\ Documents/com~apple~CloudDocs/Xcode\ Projects/Simple\ Calendar/Simple\ Calendar/SettingsView.swift.backup (in target 'Simple Calendar' from project 'Simple Calendar')
    cd /Users/nathanfennel/Library/Mobile\ Documents/com\~apple\~CloudDocs/Xcode\ Projects/Simple\ Calendar
    builtin-copy -exclude .DS_Store -exclude CVS -exclude .svn -exclude .git -exclude .hg -resolve-src-symlinks /Users/nathanfennel/Library/Mobile\ Documents/com\~apple\~CloudDocs/Xcode\ Projects/Simple\ Calendar/Simple\ Calendar/SettingsView.swift.backup /Users/nathanfennel/Library/Developer/Xcode/DerivedData/Simple_Calendar-ebdbavblwrmkibcmogqvhaymdqdg/Build/Products/Debug/Simple\ Calendar.app/Contents/Resources

CopyStringsFile /Users/nathanfennel/Library/Developer/Xcode/DerivedData/Simple_Calendar-ebdbavblwrmkibcmogqvhaymdqdg/Build/Products/Debug/Simple\ Calendar.app/Contents/Resources/zh-Hans.lproj/Localizable.strings /Users/nathanfennel/Library/Mobile\ Documents/com~apple~CloudDocs/Xcode\ Projects/Simple\ Calendar/Simple\ Calendar/zh-Hans.lproj/Localizable.strings (in target 'Simple Calendar' from project 'Simple Calendar')
    cd /Users/nathanfennel/Library/Mobile\ Documents/com\~apple\~CloudDocs/Xcode\ Projects/Simple\ Calendar
    builtin-copyStrings --validate --outputencoding UTF-16 --outfilename Localizable.strings --outdir /Users/nathanfennel/Library/Developer/Xcode/DerivedData/Simple_Calendar-ebdbavblwrmkibcmogqvhaymdqdg/Build/Products/Debug/Simple\ Calendar.app/Contents/Resources/zh-Hans.lproj -- /Users/nathanfennel/Library/Mobile\ Documents/com\~apple\~CloudDocs/Xcode\ Projects/Simple\ Calendar/Simple\ Calendar/zh-Hans.lproj/Localizable.strings
/Users/nathanfennel/Library/Mobile Documents/com~apple~CloudDocs/Xcode Projects/Simple Calendar/Simple Calendar/zh-Hans.lproj/Localizable.strings:1:1: note: detected encoding of input file as Unicode (UTF-8) (in target 'Simple Calendar' from project 'Simple Calendar')

CopyStringsFile /Users/nathanfennel/Library/Developer/Xcode/DerivedData/Simple_Calendar-ebdbavblwrmkibcmogqvhaymdqdg/Build/Products/Debug/Simple\ Calendar.app/Contents/Resources/vi.lproj/Localizable.strings /Users/nathanfennel/Library/Mobile\ Documents/com~apple~CloudDocs/Xcode\ Projects/Simple\ Calendar/Simple\ Calendar/vi.lproj/Localizable.strings (in target 'Simple Calendar' from project 'Simple Calendar')
    cd /Users/nathanfennel/Library/Mobile\ Documents/com\~apple\~CloudDocs/Xcode\ Projects/Simple\ Calendar
    builtin-copyStrings --validate --outputencoding UTF-16 --outfilename Localizable.strings --outdir /Users/nathanfennel/Library/Developer/Xcode/DerivedData/Simple_Calendar-ebdbavblwrmkibcmogqvhaymdqdg/Build/Products/Debug/Simple\ Calendar.app/Contents/Resources/vi.lproj -- /Users/nathanfennel/Library/Mobile\ Documents/com\~apple\~CloudDocs/Xcode\ Projects/Simple\ Calendar/Simple\ Calendar/vi.lproj/Localizable.strings
/Users/nathanfennel/Library/Mobile Documents/com~apple~CloudDocs/Xcode Projects/Simple Calendar/Simple Calendar/vi.lproj/Localizable.strings:1:1: note: detected encoding of input file as Unicode (UTF-8) (in target 'Simple Calendar' from project 'Simple Calendar')

CopyStringsFile /Users/nathanfennel/Library/Developer/Xcode/DerivedData/Simple_Calendar-ebdbavblwrmkibcmogqvhaymdqdg/Build/Products/Debug/Simple\ Calendar.app/Contents/Resources/uk.lproj/Localizable.strings /Users/nathanfennel/Library/Mobile\ Documents/com~apple~CloudDocs/Xcode\ Projects/Simple\ Calendar/Simple\ Calendar/uk.lproj/Localizable.strings (in target 'Simple Calendar' from project 'Simple Calendar')
    cd /Users/nathanfennel/Library/Mobile\ Documents/com\~apple\~CloudDocs/Xcode\ Projects/Simple\ Calendar
    builtin-copyStrings --validate --outputencoding UTF-16 --outfilename Localizable.strings --outdir /Users/nathanfennel/Library/Developer/Xcode/DerivedData/Simple_Calendar-ebdbavblwrmkibcmogqvhaymdqdg/Build/Products/Debug/Simple\ Calendar.app/Contents/Resources/uk.lproj -- /Users/nathanfennel/Library/Mobile\ Documents/com\~apple\~CloudDocs/Xcode\ Projects/Simple\ Calendar/Simple\ Calendar/uk.lproj/Localizable.strings
/Users/nathanfennel/Library/Mobile Documents/com~apple~CloudDocs/Xcode Projects/Simple Calendar/Simple Calendar/uk.lproj/Localizable.strings:1:1: note: detected encoding of input file as Unicode (UTF-8) (in target 'Simple Calendar' from project 'Simple Calendar')

CopyStringsFile /Users/nathanfennel/Library/Developer/Xcode/DerivedData/Simple_Calendar-ebdbavblwrmkibcmogqvhaymdqdg/Build/Products/Debug/Simple\ Calendar.app/Contents/Resources/tr.lproj/Localizable.strings /Users/nathanfennel/Library/Mobile\ Documents/com~apple~CloudDocs/Xcode\ Projects/Simple\ Calendar/Simple\ Calendar/tr.lproj/Localizable.strings (in target 'Simple Calendar' from project 'Simple Calendar')
    cd /Users/nathanfennel/Library/Mobile\ Documents/com\~apple\~CloudDocs/Xcode\ Projects/Simple\ Calendar
    builtin-copyStrings --validate --outputencoding UTF-16 --outfilename Localizable.strings --outdir /Users/nathanfennel/Library/Developer/Xcode/DerivedData/Simple_Calendar-ebdbavblwrmkibcmogqvhaymdqdg/Build/Products/Debug/Simple\ Calendar.app/Contents/Resources/tr.lproj -- /Users/nathanfennel/Library/Mobile\ Documents/com\~apple\~CloudDocs/Xcode\ Projects/Simple\ Calendar/Simple\ Calendar/tr.lproj/Localizable.strings
/Users/nathanfennel/Library/Mobile Documents/com~apple~CloudDocs/Xcode Projects/Simple Calendar/Simple Calendar/tr.lproj/Localizable.strings:1:1: note: detected encoding of input file as Unicode (UTF-8) (in target 'Simple Calendar' from project 'Simple Calendar')

CopyStringsFile /Users/nathanfennel/Library/Developer/Xcode/DerivedData/Simple_Calendar-ebdbavblwrmkibcmogqvhaymdqdg/Build/Products/Debug/Simple\ Calendar.app/Contents/Resources/tl.lproj/Localizable.strings /Users/nathanfennel/Library/Mobile\ Documents/com~apple~CloudDocs/Xcode\ Projects/Simple\ Calendar/Simple\ Calendar/tl.lproj/Localizable.strings (in target 'Simple Calendar' from project 'Simple Calendar')
    cd /Users/nathanfennel/Library/Mobile\ Documents/com\~apple\~CloudDocs/Xcode\ Projects/Simple\ Calendar
    builtin-copyStrings --validate --outputencoding UTF-16 --outfilename Localizable.strings --outdir /Users/nathanfennel/Library/Developer/Xcode/DerivedData/Simple_Calendar-ebdbavblwrmkibcmogqvhaymdqdg/Build/Products/Debug/Simple\ Calendar.app/Contents/Resources/tl.lproj -- /Users/nathanfennel/Library/Mobile\ Documents/com\~apple\~CloudDocs/Xcode\ Projects/Simple\ Calendar/Simple\ Calendar/tl.lproj/Localizable.strings
/Users/nathanfennel/Library/Mobile Documents/com~apple~CloudDocs/Xcode Projects/Simple Calendar/Simple Calendar/tl.lproj/Localizable.strings:1:1: note: detected encoding of input file as Unicode (UTF-8) (in target 'Simple Calendar' from project 'Simple Calendar')

CopyStringsFile /Users/nathanfennel/Library/Developer/Xcode/DerivedData/Simple_Calendar-ebdbavblwrmkibcmogqvhaymdqdg/Build/Products/Debug/Simple\ Calendar.app/Contents/Resources/ru.lproj/Localizable.strings /Users/nathanfennel/Library/Mobile\ Documents/com~apple~CloudDocs/Xcode\ Projects/Simple\ Calendar/Simple\ Calendar/ru.lproj/Localizable.strings (in target 'Simple Calendar' from project 'Simple Calendar')
    cd /Users/nathanfennel/Library/Mobile\ Documents/com\~apple\~CloudDocs/Xcode\ Projects/Simple\ Calendar
    builtin-copyStrings --validate --outputencoding UTF-16 --outfilename Localizable.strings --outdir /Users/nathanfennel/Library/Developer/Xcode/DerivedData/Simple_Calendar-ebdbavblwrmkibcmogqvhaymdqdg/Build/Products/Debug/Simple\ Calendar.app/Contents/Resources/ru.lproj -- /Users/nathanfennel/Library/Mobile\ Documents/com\~apple\~CloudDocs/Xcode\ Projects/Simple\ Calendar/Simple\ Calendar/ru.lproj/Localizable.strings
/Users/nathanfennel/Library/Mobile Documents/com~apple~CloudDocs/Xcode Projects/Simple Calendar/Simple Calendar/ru.lproj/Localizable.strings:1:1: note: detected encoding of input file as Unicode (UTF-8) (in target 'Simple Calendar' from project 'Simple Calendar')

CopyStringsFile /Users/nathanfennel/Library/Developer/Xcode/DerivedData/Simple_Calendar-ebdbavblwrmkibcmogqvhaymdqdg/Build/Products/Debug/Simple\ Calendar.app/Contents/Resources/pt.lproj/Localizable.strings /Users/nathanfennel/Library/Mobile\ Documents/com~apple~CloudDocs/Xcode\ Projects/Simple\ Calendar/Simple\ Calendar/pt.lproj/Localizable.strings (in target 'Simple Calendar' from project 'Simple Calendar')
    cd /Users/nathanfennel/Library/Mobile\ Documents/com\~apple\~CloudDocs/Xcode\ Projects/Simple\ Calendar
    builtin-copyStrings --validate --outputencoding UTF-16 --outfilename Localizable.strings --outdir /Users/nathanfennel/Library/Developer/Xcode/DerivedData/Simple_Calendar-ebdbavblwrmkibcmogqvhaymdqdg/Build/Products/Debug/Simple\ Calendar.app/Contents/Resources/pt.lproj -- /Users/nathanfennel/Library/Mobile\ Documents/com\~apple\~CloudDocs/Xcode\ Projects/Simple\ Calendar/Simple\ Calendar/pt.lproj/Localizable.strings
/Users/nathanfennel/Library/Mobile Documents/com~apple~CloudDocs/Xcode Projects/Simple Calendar/Simple Calendar/pt.lproj/Localizable.strings:1:1: note: detected encoding of input file as Unicode (UTF-8) (in target 'Simple Calendar' from project 'Simple Calendar')

CopyStringsFile /Users/nathanfennel/Library/Developer/Xcode/DerivedData/Simple_Calendar-ebdbavblwrmkibcmogqvhaymdqdg/Build/Products/Debug/Simple\ Calendar.app/Contents/Resources/pl.lproj/Localizable.strings /Users/nathanfennel/Library/Mobile\ Documents/com~apple~CloudDocs/Xcode\ Projects/Simple\ Calendar/Simple\ Calendar/pl.lproj/Localizable.strings (in target 'Simple Calendar' from project 'Simple Calendar')
    cd /Users/nathanfennel/Library/Mobile\ Documents/com\~apple\~CloudDocs/Xcode\ Projects/Simple\ Calendar
    builtin-copyStrings --validate --outputencoding UTF-16 --outfilename Localizable.strings --outdir /Users/nathanfennel/Library/Developer/Xcode/DerivedData/Simple_Calendar-ebdbavblwrmkibcmogqvhaymdqdg/Build/Products/Debug/Simple\ Calendar.app/Contents/Resources/pl.lproj -- /Users/nathanfennel/Library/Mobile\ Documents/com\~apple\~CloudDocs/Xcode\ Projects/Simple\ Calendar/Simple\ Calendar/pl.lproj/Localizable.strings
/Users/nathanfennel/Library/Mobile Documents/com~apple~CloudDocs/Xcode Projects/Simple Calendar/Simple Calendar/pl.lproj/Localizable.strings:1:1: note: detected encoding of input file as Unicode (UTF-8) (in target 'Simple Calendar' from project 'Simple Calendar')

CopyStringsFile /Users/nathanfennel/Library/Developer/Xcode/DerivedData/Simple_Calendar-ebdbavblwrmkibcmogqvhaymdqdg/Build/Products/Debug/Simple\ Calendar.app/Contents/Resources/nl.lproj/Localizable.strings /Users/nathanfennel/Library/Mobile\ Documents/com~apple~CloudDocs/Xcode\ Projects/Simple\ Calendar/Simple\ Calendar/nl.lproj/Localizable.strings (in target 'Simple Calendar' from project 'Simple Calendar')
    cd /Users/nathanfennel/Library/Mobile\ Documents/com\~apple\~CloudDocs/Xcode\ Projects/Simple\ Calendar
    builtin-copyStrings --validate --outputencoding UTF-16 --outfilename Localizable.strings --outdir /Users/nathanfennel/Library/Developer/Xcode/DerivedData/Simple_Calendar-ebdbavblwrmkibcmogqvhaymdqdg/Build/Products/Debug/Simple\ Calendar.app/Contents/Resources/nl.lproj -- /Users/nathanfennel/Library/Mobile\ Documents/com\~apple\~CloudDocs/Xcode\ Projects/Simple\ Calendar/Simple\ Calendar/nl.lproj/Localizable.strings
/Users/nathanfennel/Library/Mobile Documents/com~apple~CloudDocs/Xcode Projects/Simple Calendar/Simple Calendar/nl.lproj/Localizable.strings:1:1: note: detected encoding of input file as Unicode (UTF-8) (in target 'Simple Calendar' from project 'Simple Calendar')

CopyStringsFile /Users/nathanfennel/Library/Developer/Xcode/DerivedData/Simple_Calendar-ebdbavblwrmkibcmogqvhaymdqdg/Build/Products/Debug/Simple\ Calendar.app/Contents/Resources/ko.lproj/Localizable.strings /Users/nathanfennel/Library/Mobile\ Documents/com~apple~CloudDocs/Xcode\ Projects/Simple\ Calendar/Simple\ Calendar/ko.lproj/Localizable.strings (in target 'Simple Calendar' from project 'Simple Calendar')
    cd /Users/nathanfennel/Library/Mobile\ Documents/com\~apple\~CloudDocs/Xcode\ Projects/Simple\ Calendar
    builtin-copyStrings --validate --outputencoding UTF-16 --outfilename Localizable.strings --outdir /Users/nathanfennel/Library/Developer/Xcode/DerivedData/Simple_Calendar-ebdbavblwrmkibcmogqvhaymdqdg/Build/Products/Debug/Simple\ Calendar.app/Contents/Resources/ko.lproj -- /Users/nathanfennel/Library/Mobile\ Documents/com\~apple\~CloudDocs/Xcode\ Projects/Simple\ Calendar/Simple\ Calendar/ko.lproj/Localizable.strings
/Users/nathanfennel/Library/Mobile Documents/com~apple~CloudDocs/Xcode Projects/Simple Calendar/Simple Calendar/ko.lproj/Localizable.strings:1:1: note: detected encoding of input file as Unicode (UTF-8) (in target 'Simple Calendar' from project 'Simple Calendar')

CopyStringsFile /Users/nathanfennel/Library/Developer/Xcode/DerivedData/Simple_Calendar-ebdbavblwrmkibcmogqvhaymdqdg/Build/Products/Debug/Simple\ Calendar.app/Contents/Resources/it.lproj/Localizable.strings /Users/nathanfennel/Library/Mobile\ Documents/com~apple~CloudDocs/Xcode\ Projects/Simple\ Calendar/Simple\ Calendar/it.lproj/Localizable.strings (in target 'Simple Calendar' from project 'Simple Calendar')
    cd /Users/nathanfennel/Library/Mobile\ Documents/com\~apple\~CloudDocs/Xcode\ Projects/Simple\ Calendar
    builtin-copyStrings --validate --outputencoding UTF-16 --outfilename Localizable.strings --outdir /Users/nathanfennel/Library/Developer/Xcode/DerivedData/Simple_Calendar-ebdbavblwrmkibcmogqvhaymdqdg/Build/Products/Debug/Simple\ Calendar.app/Contents/Resources/it.lproj -- /Users/nathanfennel/Library/Mobile\ Documents/com\~apple\~CloudDocs/Xcode\ Projects/Simple\ Calendar/Simple\ Calendar/it.lproj/Localizable.strings
/Users/nathanfennel/Library/Mobile Documents/com~apple~CloudDocs/Xcode Projects/Simple Calendar/Simple Calendar/it.lproj/Localizable.strings:1:1: note: detected encoding of input file as Unicode (UTF-8) (in target 'Simple Calendar' from project 'Simple Calendar')

CopyStringsFile /Users/nathanfennel/Library/Developer/Xcode/DerivedData/Simple_Calendar-ebdbavblwrmkibcmogqvhaymdqdg/Build/Products/Debug/Simple\ Calendar.app/Contents/Resources/fr.lproj/Localizable.strings /Users/nathanfennel/Library/Mobile\ Documents/com~apple~CloudDocs/Xcode\ Projects/Simple\ Calendar/Simple\ Calendar/fr.lproj/Localizable.strings (in target 'Simple Calendar' from project 'Simple Calendar')
    cd /Users/nathanfennel/Library/Mobile\ Documents/com\~apple\~CloudDocs/Xcode\ Projects/Simple\ Calendar
    builtin-copyStrings --validate --outputencoding UTF-16 --outfilename Localizable.strings --outdir /Users/nathanfennel/Library/Developer/Xcode/DerivedData/Simple_Calendar-ebdbavblwrmkibcmogqvhaymdqdg/Build/Products/Debug/Simple\ Calendar.app/Contents/Resources/fr.lproj -- /Users/nathanfennel/Library/Mobile\ Documents/com\~apple\~CloudDocs/Xcode\ Projects/Simple\ Calendar/Simple\ Calendar/fr.lproj/Localizable.strings
/Users/nathanfennel/Library/Mobile Documents/com~apple~CloudDocs/Xcode Projects/Simple Calendar/Simple Calendar/fr.lproj/Localizable.strings:1:1: note: detected encoding of input file as Unicode (UTF-8) (in target 'Simple Calendar' from project 'Simple Calendar')

CopyStringsFile /Users/nathanfennel/Library/Developer/Xcode/DerivedData/Simple_Calendar-ebdbavblwrmkibcmogqvhaymdqdg/Build/Products/Debug/Simple\ Calendar.app/Contents/Resources/es.lproj/Localizable.strings /Users/nathanfennel/Library/Mobile\ Documents/com~apple~CloudDocs/Xcode\ Projects/Simple\ Calendar/Simple\ Calendar/es.lproj/Localizable.strings (in target 'Simple Calendar' from project 'Simple Calendar')
    cd /Users/nathanfennel/Library/Mobile\ Documents/com\~apple\~CloudDocs/Xcode\ Projects/Simple\ Calendar
    builtin-copyStrings --validate --outputencoding UTF-16 --outfilename Localizable.strings --outdir /Users/nathanfennel/Library/Developer/Xcode/DerivedData/Simple_Calendar-ebdbavblwrmkibcmogqvhaymdqdg/Build/Products/Debug/Simple\ Calendar.app/Contents/Resources/es.lproj -- /Users/nathanfennel/Library/Mobile\ Documents/com\~apple\~CloudDocs/Xcode\ Projects/Simple\ Calendar/Simple\ Calendar/es.lproj/Localizable.strings
/Users/nathanfennel/Library/Mobile Documents/com~apple~CloudDocs/Xcode Projects/Simple Calendar/Simple Calendar/es.lproj/Localizable.strings:1:1: note: detected encoding of input file as Unicode (UTF-8) (in target 'Simple Calendar' from project 'Simple Calendar')

CopyStringsFile /Users/nathanfennel/Library/Developer/Xcode/DerivedData/Simple_Calendar-ebdbavblwrmkibcmogqvhaymdqdg/Build/Products/Debug/Simple\ Calendar.app/Contents/Resources/de.lproj/Localizable.strings /Users/nathanfennel/Library/Mobile\ Documents/com~apple~CloudDocs/Xcode\ Projects/Simple\ Calendar/Simple\ Calendar/de.lproj/Localizable.strings (in target 'Simple Calendar' from project 'Simple Calendar')
    cd /Users/nathanfennel/Library/Mobile\ Documents/com\~apple\~CloudDocs/Xcode\ Projects/Simple\ Calendar
    builtin-copyStrings --validate --outputencoding UTF-16 --outfilename Localizable.strings --outdir /Users/nathanfennel/Library/Developer/Xcode/DerivedData/Simple_Calendar-ebdbavblwrmkibcmogqvhaymdqdg/Build/Products/Debug/Simple\ Calendar.app/Contents/Resources/de.lproj -- /Users/nathanfennel/Library/Mobile\ Documents/com\~apple\~CloudDocs/Xcode\ Projects/Simple\ Calendar/Simple\ Calendar/de.lproj/Localizable.strings
/Users/nathanfennel/Library/Mobile Documents/com~apple~CloudDocs/Xcode Projects/Simple Calendar/Simple Calendar/de.lproj/Localizable.strings:1:1: note: detected encoding of input file as Unicode (UTF-8) (in target 'Simple Calendar' from project 'Simple Calendar')

CopyStringsFile /Users/nathanfennel/Library/Developer/Xcode/DerivedData/Simple_Calendar-ebdbavblwrmkibcmogqvhaymdqdg/Build/Products/Debug/Simple\ Calendar.app/Contents/Resources/ar.lproj/Localizable.strings /Users/nathanfennel/Library/Mobile\ Documents/com~apple~CloudDocs/Xcode\ Projects/Simple\ Calendar/Simple\ Calendar/ar.lproj/Localizable.strings (in target 'Simple Calendar' from project 'Simple Calendar')
    cd /Users/nathanfennel/Library/Mobile\ Documents/com\~apple\~CloudDocs/Xcode\ Projects/Simple\ Calendar
    builtin-copyStrings --validate --outputencoding UTF-16 --outfilename Localizable.strings --outdir /Users/nathanfennel/Library/Developer/Xcode/DerivedData/Simple_Calendar-ebdbavblwrmkibcmogqvhaymdqdg/Build/Products/Debug/Simple\ Calendar.app/Contents/Resources/ar.lproj -- /Users/nathanfennel/Library/Mobile\ Documents/com\~apple\~CloudDocs/Xcode\ Projects/Simple\ Calendar/Simple\ Calendar/ar.lproj/Localizable.strings
/Users/nathanfennel/Library/Mobile Documents/com~apple~CloudDocs/Xcode Projects/Simple Calendar/Simple Calendar/ar.lproj/Localizable.strings:1:1: note: detected encoding of input file as Unicode (UTF-8) (in target 'Simple Calendar' from project 'Simple Calendar')

CopyStringsFile /Users/nathanfennel/Library/Developer/Xcode/DerivedData/Simple_Calendar-ebdbavblwrmkibcmogqvhaymdqdg/Build/Products/Debug/Simple\ Calendar.app/Contents/Resources/Localizable.strings /Users/nathanfennel/Library/Mobile\ Documents/com~apple~CloudDocs/Xcode\ Projects/Simple\ Calendar/Simple\ Calendar/Localizable.strings (in target 'Simple Calendar' from project 'Simple Calendar')
    cd /Users/nathanfennel/Library/Mobile\ Documents/com\~apple\~CloudDocs/Xcode\ Projects/Simple\ Calendar
    builtin-copyStrings --validate --outputencoding UTF-16 --outfilename Localizable.strings --outdir /Users/nathanfennel/Library/Developer/Xcode/DerivedData/Simple_Calendar-ebdbavblwrmkibcmogqvhaymdqdg/Build/Products/Debug/Simple\ Calendar.app/Contents/Resources -- /Users/nathanfennel/Library/Mobile\ Documents/com\~apple\~CloudDocs/Xcode\ Projects/Simple\ Calendar/Simple\ Calendar/Localizable.strings
/Users/nathanfennel/Library/Mobile Documents/com~apple~CloudDocs/Xcode Projects/Simple Calendar/Simple Calendar/Localizable.strings:1:1: note: detected encoding of input file as Unicode (UTF-8) (in target 'Simple Calendar' from project 'Simple Calendar')

CopyPlistFile /Users/nathanfennel/Library/Developer/Xcode/DerivedData/Simple_Calendar-ebdbavblwrmkibcmogqvhaymdqdg/Build/Products/Debug/Simple\ Calendar.app/Contents/Resources/Info.tvOS.plist /Users/nathanfennel/Library/Mobile\ Documents/com~apple~CloudDocs/Xcode\ Projects/Simple\ Calendar/Simple\ Calendar/Info.tvOS.plist (in target 'Simple Calendar' from project 'Simple Calendar')
    cd /Users/nathanfennel/Library/Mobile\ Documents/com\~apple\~CloudDocs/Xcode\ Projects/Simple\ Calendar
    builtin-copyPlist --outdir /Users/nathanfennel/Library/Developer/Xcode/DerivedData/Simple_Calendar-ebdbavblwrmkibcmogqvhaymdqdg/Build/Products/Debug/Simple\ Calendar.app/Contents/Resources -- /Users/nathanfennel/Library/Mobile\ Documents/com\~apple\~CloudDocs/Xcode\ Projects/Simple\ Calendar/Simple\ Calendar/Info.tvOS.plist

CompileAssetCatalogVariant thinned /Users/nathanfennel/Library/Developer/Xcode/DerivedData/Simple_Calendar-ebdbavblwrmkibcmogqvhaymdqdg/Build/Products/Debug/Simple\ Calendar.app/Contents/Resources /Users/nathanfennel/Library/Mobile\ Documents/com~apple~CloudDocs/Xcode\ Projects/Simple\ Calendar/Simple\ Calendar/Assets.xcassets (in target 'Simple Calendar' from project 'Simple Calendar')
    cd /Users/nathanfennel/Library/Mobile\ Documents/com\~apple\~CloudDocs/Xcode\ Projects/Simple\ Calendar
    /Applications/Xcode.app/Contents/Developer/usr/bin/actool /Users/nathanfennel/Library/Mobile\ Documents/com\~apple\~CloudDocs/Xcode\ Projects/Simple\ Calendar/Simple\ Calendar/Assets.xcassets --compile /Users/nathanfennel/Library/Developer/Xcode/DerivedData/Simple_Calendar-ebdbavblwrmkibcmogqvhaymdqdg/Build/Intermediates.noindex/Simple\ Calendar.build/Debug/Simple\ Calendar.build/assetcatalog_output/thinned --output-format human-readable-text --notices --warnings --export-dependency-info /Users/nathanfennel/Library/Developer/Xcode/DerivedData/Simple_Calendar-ebdbavblwrmkibcmogqvhaymdqdg/Build/Intermediates.noindex/Simple\ Calendar.build/Debug/Simple\ Calendar.build/assetcatalog_dependencies_thinned --output-partial-info-plist /Users/nathanfennel/Library/Developer/Xcode/DerivedData/Simple_Calendar-ebdbavblwrmkibcmogqvhaymdqdg/Build/Intermediates.noindex/Simple\ Calendar.build/Debug/Simple\ Calendar.build/assetcatalog_generated_info.plist_thinned --app-icon AppIcon --include-all-app-icons --accent-color AccentColor --enable-on-demand-resources NO --development-region en --target-device mac --minimum-deployment-target 15.6 --platform macosx
dyld[1982]: symbol '_kFigCaptionRegionDisplayAlign_Before' missing from root that overrides /System/Library/Frameworks/CoreMedia.framework/Versions/A/CoreMedia. Use of that symbol in /System/Library/PrivateFrameworks/AVFCore.framework/Versions/A/AVFCore is being set to 0xBAD4007.
dyld[1982]: symbol '_kFigCaptionRegionDisplayAlign_After' missing from root that overrides /System/Library/Frameworks/CoreMedia.framework/Versions/A/CoreMedia. Use of that symbol in /System/Library/PrivateFrameworks/AVFCore.framework/Versions/A/AVFCore is being set to 0xBAD4007.
dyld[1982]: symbol '_kFigCaptionRegionDisplayAlign_Center' missing from root that overrides /System/Library/Frameworks/CoreMedia.framework/Versions/A/CoreMedia. Use of that symbol in /System/Library/PrivateFrameworks/AVFCore.framework/Versions/A/AVFCore is being set to 0xBAD4007.
dyld[1982]: symbol '_kFigCaptionTextAlign_Start' missing from root that overrides /System/Library/Frameworks/CoreMedia.framework/Versions/A/CoreMedia. Use of that symbol in /System/Library/PrivateFrameworks/AVFCore.framework/Versions/A/AVFCore is being set to 0xBAD4007.
dyld[1982]: symbol '_kFigCaptionTextAlign_End' missing from root that overrides /System/Library/Frameworks/CoreMedia.framework/Versions/A/CoreMedia. Use of that symbol in /System/Library/PrivateFrameworks/AVFCore.framework/Versions/A/AVFCore is being set to 0xBAD4007.
dyld[1982]: symbol '_kFigCaptionTextAlign_Center' missing from root that overrides /System/Library/Frameworks/CoreMedia.framework/Versions/A/CoreMedia. Use of that symbol in /System/Library/PrivateFrameworks/AVFCore.framework/Versions/A/AVFCore is being set to 0xBAD4007.
dyld[1982]: symbol '_kFigCaptionTextAlign_Left' missing from root that overrides /System/Library/Frameworks/CoreMedia.framework/Versions/A/CoreMedia. Use of that symbol in /System/Library/PrivateFrameworks/AVFCore.framework/Versions/A/AVFCore is being set to 0xBAD4007.
dyld[1982]: symbol '_kFigCaptionTextAlign_Right' missing from root that overrides /System/Library/Frameworks/CoreMedia.framework/Versions/A/CoreMedia. Use of that symbol in /System/Library/PrivateFrameworks/AVFCore.framework/Versions/A/AVFCore is being set to 0xBAD4007.
dyld[1982]: symbol '_kFigEndpointNotification_AuthenticationSucceeded' missing from root that overrides /System/Library/Frameworks/CoreMedia.framework/Versions/A/CoreMedia. Use of that symbol in /System/Library/PrivateFrameworks/AVFCore.framework/Versions/A/AVFCore is being set to 0xBAD4007.
dyld[1982]: symbol '_kFigEndpointNotification_iOSUIRequested' missing from root that overrides /System/Library/Frameworks/CoreMedia.framework/Versions/A/CoreMedia. Use of that symbol in /System/Library/PrivateFrameworks/AVFCore.framework/Versions/A/AVFCore is being set to 0xBAD4007.
dyld[1982]: symbol '_kFigEndpointNotification_SiriRequested' missing from root that overrides /System/Library/Frameworks/CoreMedia.framework/Versions/A/CoreMedia. Use of that symbol in /System/Library/PrivateFrameworks/AVFCore.framework/Versions/A/AVFCore is being set to 0xBAD4007.
dyld[1982]: symbol '_kFigEndPointNotification_EnhancedSiriParametersChanged' missing from root that overrides /System/Library/Frameworks/CoreMedia.framework/Versions/A/CoreMedia. Use of that symbol in /System/Library/PrivateFrameworks/AVFCore.framework/Versions/A/AVFCore is being set to 0xBAD4007.
dyld[1982]: symbol '_kFigEndpointNotification_NightModeChanged' missing from root that overrides /System/Library/Frameworks/CoreMedia.framework/Versions/A/CoreMedia. Use of that symbol in /System/Library/PrivateFrameworks/AVFCore.framework/Versions/A/AVFCore is being set to 0xBAD4007.
dyld[1982]: symbol '_kFigEndpointNotification_LimitedUIChanged' missing from root that overrides /System/Library/Frameworks/CoreMedia.framework/Versions/A/CoreMedia. Use of that symbol in /System/Library/PrivateFrameworks/AVFCore.framework/Versions/A/AVFCore is being set to 0xBAD4007.
dyld[1982]: symbol '_kFigEndpointNotification_PerformanceReportPosted' missing from root that overrides /System/Library/Frameworks/CoreMedia.framework/Versions/A/CoreMedia. Use of that symbol in /System/Library/PrivateFrameworks/AVFCore.framework/Versions/A/AVFCore is being set to 0xBAD4007.
dyld[1982]: symbol '_kFigEndpointNotification_UnhandledRemoteEvent' missing from root that overrides /System/Library/Frameworks/CoreMedia.framework/Versions/A/CoreMedia. Use of that symbol in /System/Library/PrivateFrameworks/AVFCore.framework/Versions/A/AVFCore is being set to 0xBAD4007.
dyld[1982]: symbol '_kFigEndpointNotification_CarPlayTest' missing from root that overrides /System/Library/Frameworks/CoreMedia.framework/Versions/A/CoreMedia. Use of that symbol in /System/Library/PrivateFrameworks/AVFCore.framework/Versions/A/AVFCore is being set to 0xBAD4007.
dyld[1982]: symbol '_kFigVideoQueueNotification_NowBelowLowWaterLevel' missing from root that overrides /System/Library/Frameworks/MediaToolbox.framework/Versions/A/MediaToolbox. Use of that symbol in /System/Library/PrivateFrameworks/AVFCore.framework/Versions/A/AVFCore is being set to 0xBAD4007.
dyld[1982]: symbol '_kFigVideoQueueNotification_DecodeError' missing from root that overrides /System/Library/Frameworks/MediaToolbox.framework/Versions/A/MediaToolbox. Use of that symbol in /System/Library/PrivateFrameworks/AVFCore.framework/Versions/A/AVFCore is being set to 0xBAD4007.
dyld[1982]: symbol '_kFigVideoQueueNotification_Failed' missing from root that overrides /System/Library/Frameworks/MediaToolbox.framework/Versions/A/MediaToolbox. Use of that symbol in /System/Library/PrivateFrameworks/AVFCore.framework/Versions/A/AVFCore is being set to 0xBAD4007.
dyld[1982]: symbol '_kFigVideoQueueNotification_ExternalProtectionStatusChanged' missing from root that overrides /System/Library/Frameworks/MediaToolbox.framework/Versions/A/MediaToolbox. Use of that symbol in /System/Library/PrivateFrameworks/AVFCore.framework/Versions/A/AVFCore is being set to 0xBAD4007.
dyld[1982]: symbol '_kFigVideoQueueNotification_FlushComplete' missing from root that overrides /System/Library/Frameworks/MediaToolbox.framework/Versions/A/MediaToolbox. Use of that symbol in /System/Library/PrivateFrameworks/AVFCore.framework/Versions/A/AVFCore is being set to 0xBAD4007.
dyld[1982]: symbol '_kFigVideoQueueNotification_CompletedDecodeForPreroll' missing from root that overrides /System/Library/Frameworks/MediaToolbox.framework/Versions/A/MediaToolbox. Use of that symbol in /System/Library/PrivateFrameworks/AVFCore.framework/Versions/A/AVFCore is being set to 0xBAD4007.
dyld[1982]: symbol '_kFigVideoQueueNotification_FirstVideoFrameEnqueued' missing from root that overrides /System/Library/Frameworks/MediaToolbox.framework/Versions/A/MediaToolbox. Use of that symbol in /System/Library/PrivateFrameworks/AVFCore.framework/Versions/A/AVFCore is being set to 0xBAD4007.
dyld[1982]: symbol '_kFigVideoQueueNotification_LostDecoderState' missing from root that overrides /System/Library/Frameworks/MediaToolbox.framework/Versions/A/MediaToolbox. Use of that symbol in /System/Library/PrivateFrameworks/AVFCore.framework/Versions/A/AVFCore is being set to 0xBAD4007.
dyld[1982]: symbol '_OBJC_CLASS_$_FigBaseCALayer' missing from root that overrides /System/Library/Frameworks/MediaToolbox.framework/Versions/A/MediaToolbox. Use of that symbol in /System/Library/PrivateFrameworks/AVFCore.framework/Versions/A/AVFCore is being set to 0xBAD4007.
dyld[1982]: symbol '_OBJC_METACLASS_$_FigBaseCALayer' missing from root that overrides /System/Library/Frameworks/MediaToolbox.framework/Versions/A/MediaToolbox. Use of that symbol in /System/Library/PrivateFrameworks/AVFCore.framework/Versions/A/AVFCore is being set to 0xBAD4007.
/* com.apple.actool.compilation-results */
/Users/nathanfennel/Library/Developer/Xcode/DerivedData/Simple_Calendar-ebdbavblwrmkibcmogqvhaymdqdg/Build/Intermediates.noindex/Simple Calendar.build/Debug/Simple Calendar.build/assetcatalog_generated_info.plist_thinned
/Users/nathanfennel/Library/Developer/Xcode/DerivedData/Simple_Calendar-ebdbavblwrmkibcmogqvhaymdqdg/Build/Intermediates.noindex/Simple Calendar.build/Debug/Simple Calendar.build/assetcatalog_output/thinned/AppIcon.icns
/Users/nathanfennel/Library/Developer/Xcode/DerivedData/Simple_Calendar-ebdbavblwrmkibcmogqvhaymdqdg/Build/Intermediates.noindex/Simple Calendar.build/Debug/Simple Calendar.build/assetcatalog_output/thinned/Assets.car


LinkAssetCatalog /Users/nathanfennel/Library/Mobile\ Documents/com~apple~CloudDocs/Xcode\ Projects/Simple\ Calendar/Simple\ Calendar/Assets.xcassets (in target 'Simple Calendar' from project 'Simple Calendar')
    cd /Users/nathanfennel/Library/Mobile\ Documents/com\~apple\~CloudDocs/Xcode\ Projects/Simple\ Calendar
    builtin-linkAssetCatalog --thinned /Users/nathanfennel/Library/Developer/Xcode/DerivedData/Simple_Calendar-ebdbavblwrmkibcmogqvhaymdqdg/Build/Intermediates.noindex/Simple\ Calendar.build/Debug/Simple\ Calendar.build/assetcatalog_output/thinned --thinned-dependencies /Users/nathanfennel/Library/Developer/Xcode/DerivedData/Simple_Calendar-ebdbavblwrmkibcmogqvhaymdqdg/Build/Intermediates.noindex/Simple\ Calendar.build/Debug/Simple\ Calendar.build/assetcatalog_dependencies_thinned --thinned-info-plist-content /Users/nathanfennel/Library/Developer/Xcode/DerivedData/Simple_Calendar-ebdbavblwrmkibcmogqvhaymdqdg/Build/Intermediates.noindex/Simple\ Calendar.build/Debug/Simple\ Calendar.build/assetcatalog_generated_info.plist_thinned --unthinned /Users/nathanfennel/Library/Developer/Xcode/DerivedData/Simple_Calendar-ebdbavblwrmkibcmogqvhaymdqdg/Build/Intermediates.noindex/Simple\ Calendar.build/Debug/Simple\ Calendar.build/assetcatalog_output/unthinned --unthinned-dependencies /Users/nathanfennel/Library/Developer/Xcode/DerivedData/Simple_Calendar-ebdbavblwrmkibcmogqvhaymdqdg/Build/Intermediates.noindex/Simple\ Calendar.build/Debug/Simple\ Calendar.build/assetcatalog_dependencies_unthinned --unthinned-info-plist-content /Users/nathanfennel/Library/Developer/Xcode/DerivedData/Simple_Calendar-ebdbavblwrmkibcmogqvhaymdqdg/Build/Intermediates.noindex/Simple\ Calendar.build/Debug/Simple\ Calendar.build/assetcatalog_generated_info.plist_unthinned --output /Users/nathanfennel/Library/Developer/Xcode/DerivedData/Simple_Calendar-ebdbavblwrmkibcmogqvhaymdqdg/Build/Products/Debug/Simple\ Calendar.app/Contents/Resources --plist-output /Users/nathanfennel/Library/Developer/Xcode/DerivedData/Simple_Calendar-ebdbavblwrmkibcmogqvhaymdqdg/Build/Intermediates.noindex/Simple\ Calendar.build/Debug/Simple\ Calendar.build/assetcatalog_generated_info.plist
note: Emplaced /Users/nathanfennel/Library/Developer/Xcode/DerivedData/Simple_Calendar-ebdbavblwrmkibcmogqvhaymdqdg/Build/Products/Debug/Simple Calendar.app/Contents/Resources/AppIcon.icns (in target 'Simple Calendar' from project 'Simple Calendar')
note: Emplaced /Users/nathanfennel/Library/Developer/Xcode/DerivedData/Simple_Calendar-ebdbavblwrmkibcmogqvhaymdqdg/Build/Products/Debug/Simple Calendar.app/Contents/Resources/Assets.car (in target 'Simple Calendar' from project 'Simple Calendar')

ProcessInfoPlistFile /Users/nathanfennel/Library/Developer/Xcode/DerivedData/Simple_Calendar-ebdbavblwrmkibcmogqvhaymdqdg/Build/Products/Debug/Simple\ Calendar.app/Contents/Info.plist /Users/nathanfennel/Library/Mobile\ Documents/com~apple~CloudDocs/Xcode\ Projects/Simple\ Calendar/Simple\ Calendar/Info.plist (in target 'Simple Calendar' from project 'Simple Calendar')
    cd /Users/nathanfennel/Library/Mobile\ Documents/com\~apple\~CloudDocs/Xcode\ Projects/Simple\ Calendar
    builtin-infoPlistUtility /Users/nathanfennel/Library/Mobile\ Documents/com\~apple\~CloudDocs/Xcode\ Projects/Simple\ Calendar/Simple\ Calendar/Info.plist -producttype com.apple.product-type.application -genpkginfo /Users/nathanfennel/Library/Developer/Xcode/DerivedData/Simple_Calendar-ebdbavblwrmkibcmogqvhaymdqdg/Build/Products/Debug/Simple\ Calendar.app/Contents/PkgInfo -expandbuildsettings -platform macosx -additionalcontentfile /Users/nathanfennel/Library/Developer/Xcode/DerivedData/Simple_Calendar-ebdbavblwrmkibcmogqvhaymdqdg/Build/Intermediates.noindex/Simple\ Calendar.build/Debug/Simple\ Calendar.build/assetcatalog_generated_info.plist -o /Users/nathanfennel/Library/Developer/Xcode/DerivedData/Simple_Calendar-ebdbavblwrmkibcmogqvhaymdqdg/Build/Products/Debug/Simple\ Calendar.app/Contents/Info.plist
removing value "remote-notification" for "UIBackgroundModes" - not supported on macOS

SwiftDriver Simple\ Calendar normal arm64 com.apple.xcode.tools.swift.compiler (in target 'Simple Calendar' from project 'Simple Calendar')
    cd /Users/nathanfennel/Library/Mobile\ Documents/com\~apple\~CloudDocs/Xcode\ Projects/Simple\ Calendar
    builtin-SwiftDriver -- /Applications/Xcode.app/Contents/Developer/Toolchains/XcodeDefault.xctoolchain/usr/bin/swiftc -module-name Simple_Calendar -Onone -enforce-exclusivity\=checked @/Users/nathanfennel/Library/Developer/Xcode/DerivedData/Simple_Calendar-ebdbavblwrmkibcmogqvhaymdqdg/Build/Intermediates.noindex/Simple\ Calendar.build/Debug/Simple\ Calendar.build/Objects-normal/arm64/Simple\ Calendar.SwiftFileList -DDEBUG -default-isolation\=MainActor -enable-bare-slash-regex -enable-upcoming-feature DisableOutwardActorInference -enable-upcoming-feature InferSendableFromCaptures -enable-upcoming-feature GlobalActorIsolatedTypesUsability -enable-upcoming-feature MemberImportVisibility -enable-upcoming-feature InferIsolatedConformances -enable-upcoming-feature NonisolatedNonsendingByDefault -enable-experimental-feature DebugDescriptionMacro -sdk /Applications/Xcode.app/Contents/Developer/Platforms/MacOSX.platform/Developer/SDKs/MacOSX26.1.sdk -target arm64-apple-macos15.6 -g -module-cache-path /Users/nathanfennel/Library/Developer/Xcode/DerivedData/ModuleCache.noindex -Xfrontend -serialize-debugging-options -profile-coverage-mapping -profile-generate -enable-testing -index-store-path /Users/nathanfennel/Library/Developer/Xcode/DerivedData/Simple_Calendar-ebdbavblwrmkibcmogqvhaymdqdg/Index.noindex/DataStore -Xcc -D_LIBCPP_HARDENING_MODE\=_LIBCPP_HARDENING_MODE_DEBUG -swift-version 5 -I /Users/nathanfennel/Library/Developer/Xcode/DerivedData/Simple_Calendar-ebdbavblwrmkibcmogqvhaymdqdg/Build/Products/Debug -F /Users/nathanfennel/Library/Developer/Xcode/DerivedData/Simple_Calendar-ebdbavblwrmkibcmogqvhaymdqdg/Build/Products/Debug -emit-localized-strings -emit-localized-strings-path /Users/nathanfennel/Library/Developer/Xcode/DerivedData/Simple_Calendar-ebdbavblwrmkibcmogqvhaymdqdg/Build/Intermediates.noindex/Simple\ Calendar.build/Debug/Simple\ Calendar.build/Objects-normal/arm64 -c -j8 -enable-batch-mode -incremental -Xcc -ivfsstatcache -Xcc /Users/nathanfennel/Library/Developer/Xcode/DerivedData/SDKStatCaches.noindex/macosx26.1-25B74-3ae1261907bdadc328169391a47051a6.sdkstatcache -output-file-map /Users/nathanfennel/Library/Developer/Xcode/DerivedData/Simple_Calendar-ebdbavblwrmkibcmogqvhaymdqdg/Build/Intermediates.noindex/Simple\ Calendar.build/Debug/Simple\ Calendar.build/Objects-normal/arm64/Simple\ Calendar-OutputFileMap.json -use-frontend-parseable-output -save-temps -no-color-diagnostics -explicit-module-build -module-cache-path /Users/nathanfennel/Library/Developer/Xcode/DerivedData/Simple_Calendar-ebdbavblwrmkibcmogqvhaymdqdg/Build/Intermediates.noindex/SwiftExplicitPrecompiledModules -clang-scanner-module-cache-path /Users/nathanfennel/Library/Developer/Xcode/DerivedData/ModuleCache.noindex -sdk-module-cache-path /Users/nathanfennel/Library/Developer/Xcode/DerivedData/ModuleCache.noindex -serialize-diagnostics -emit-dependencies -emit-module -emit-module-path /Users/nathanfennel/Library/Developer/Xcode/DerivedData/Simple_Calendar-ebdbavblwrmkibcmogqvhaymdqdg/Build/Intermediates.noindex/Simple\ Calendar.build/Debug/Simple\ Calendar.build/Objects-normal/arm64/Simple_Calendar.swiftmodule -validate-clang-modules-once -clang-build-session-file /Users/nathanfennel/Library/Developer/Xcode/DerivedData/ModuleCache.noindex/Session.modulevalidation -Xcc -I/Users/nathanfennel/Library/Developer/Xcode/DerivedData/Simple_Calendar-ebdbavblwrmkibcmogqvhaymdqdg/Build/Intermediates.noindex/Simple\ Calendar.build/Debug/Simple\ Calendar.build/swift-overrides.hmap -emit-const-values -Xfrontend -const-gather-protocols-file -Xfrontend /Users/nathanfennel/Library/Developer/Xcode/DerivedData/Simple_Calendar-ebdbavblwrmkibcmogqvhaymdqdg/Build/Intermediates.noindex/Simple\ Calendar.build/Debug/Simple\ Calendar.build/Objects-normal/arm64/Simple\ Calendar_const_extract_protocols.json -Xcc -iquote -Xcc /Users/nathanfennel/Library/Developer/Xcode/DerivedData/Simple_Calendar-ebdbavblwrmkibcmogqvhaymdqdg/Build/Intermediates.noindex/Simple\ Calendar.build/Debug/Simple\ Calendar.build/Simple\ Calendar-generated-files.hmap -Xcc -I/Users/nathanfennel/Library/Developer/Xcode/DerivedData/Simple_Calendar-ebdbavblwrmkibcmogqvhaymdqdg/Build/Intermediates.noindex/Simple\ Calendar.build/Debug/Simple\ Calendar.build/Simple\ Calendar-own-target-headers.hmap -Xcc -I/Users/nathanfennel/Library/Developer/Xcode/DerivedData/Simple_Calendar-ebdbavblwrmkibcmogqvhaymdqdg/Build/Intermediates.noindex/Simple\ Calendar.build/Debug/Simple\ Calendar.build/Simple\ Calendar-all-target-headers.hmap -Xcc -iquote -Xcc /Users/nathanfennel/Library/Developer/Xcode/DerivedData/Simple_Calendar-ebdbavblwrmkibcmogqvhaymdqdg/Build/Intermediates.noindex/Simple\ Calendar.build/Debug/Simple\ Calendar.build/Simple\ Calendar-project-headers.hmap -Xcc -I/Users/nathanfennel/Library/Developer/Xcode/DerivedData/Simple_Calendar-ebdbavblwrmkibcmogqvhaymdqdg/Build/Products/Debug/include -Xcc -I/Users/nathanfennel/Library/Developer/Xcode/DerivedData/Simple_Calendar-ebdbavblwrmkibcmogqvhaymdqdg/Build/Intermediates.noindex/Simple\ Calendar.build/Debug/Simple\ Calendar.build/DerivedSources-normal/arm64 -Xcc -I/Users/nathanfennel/Library/Developer/Xcode/DerivedData/Simple_Calendar-ebdbavblwrmkibcmogqvhaymdqdg/Build/Intermediates.noindex/Simple\ Calendar.build/Debug/Simple\ Calendar.build/DerivedSources/arm64 -Xcc -I/Users/nathanfennel/Library/Developer/Xcode/DerivedData/Simple_Calendar-ebdbavblwrmkibcmogqvhaymdqdg/Build/Intermediates.noindex/Simple\ Calendar.build/Debug/Simple\ Calendar.build/DerivedSources -Xcc -DDEBUG\=1 -emit-objc-header -emit-objc-header-path /Users/nathanfennel/Library/Developer/Xcode/DerivedData/Simple_Calendar-ebdbavblwrmkibcmogqvhaymdqdg/Build/Intermediates.noindex/Simple\ Calendar.build/Debug/Simple\ Calendar.build/Objects-normal/arm64/Simple_Calendar-Swift.h -working-directory /Users/nathanfennel/Library/Mobile\ Documents/com\~apple\~CloudDocs/Xcode\ Projects/Simple\ Calendar -experimental-emit-module-separately -disable-cmo

SwiftExplicitDependencyGeneratePcm arm64 /Users/nathanfennel/Library/Developer/Xcode/DerivedData/ModuleCache.noindex/_LocationEssentials-E7VH2441PD4GBAXQNESB7MA2N.pcm

SwiftExplicitDependencyGeneratePcm arm64 /Users/nathanfennel/Library/Developer/Xcode/DerivedData/ModuleCache.noindex/dnssd-CEFAQW8VL6UBYL3KY6ITVU2S2.pcm

SwiftExplicitDependencyGeneratePcm arm64 /Users/nathanfennel/Library/Developer/Xcode/DerivedData/ModuleCache.noindex/LocalAuthentication-BDJW54EM8G2FEG5NJ9GMLLCX7.pcm

SwiftExplicitDependencyGeneratePcm arm64 /Users/nathanfennel/Library/Developer/Xcode/DerivedData/ModuleCache.noindex/AuthenticationServices-CYNDB7LSIW278VIN7RLL009YL.pcm

SwiftExplicitDependencyGeneratePcm arm64 /Users/nathanfennel/Library/Developer/Xcode/DerivedData/ModuleCache.noindex/Network-477FBPCT85V016ADM21L28SY.pcm

SwiftExplicitDependencyGeneratePcm arm64 /Users/nathanfennel/Library/Developer/Xcode/DerivedData/ModuleCache.noindex/CoreLocation-BMN7KQHAVJR3NR09S2U2ZO4SO.pcm

SwiftExplicitDependencyGeneratePcm arm64 /Users/nathanfennel/Library/Developer/Xcode/DerivedData/ModuleCache.noindex/EventKit-IF4FCVVZQUI0F5I85CKNUW26.pcm

SwiftExplicitDependencyGeneratePcm arm64 /Users/nathanfennel/Library/Developer/Xcode/DerivedData/ModuleCache.noindex/MapKit-D05PM686X0LVB887GMVAQOMJ7.pcm

SwiftEmitModule normal arm64 Emitting\ module\ for\ Simple_Calendar (in target 'Simple Calendar' from project 'Simple Calendar')

EmitSwiftModule normal arm64 (in target 'Simple Calendar' from project 'Simple Calendar')
    cd /Users/nathanfennel/Library/Mobile\ Documents/com\~apple\~CloudDocs/Xcode\ Projects/Simple\ Calendar
    

SwiftCompile normal arm64 Compiling\ HolidayCategoryManager.swift,\ HolidayDetailView.swift,\ HolidayImageManager.swift,\ HolidayManager.swift,\ ImageManager.swift,\ ImageRepository.swift,\ ImageSelectionView.swift,\ Item.swift,\ KeyboardShortcuts.swift /Users/nathanfennel/Library/Mobile\ Documents/com~apple~CloudDocs/Xcode\ Projects/Simple\ Calendar/Simple\ Calendar/HolidayCategoryManager.swift /Users/nathanfennel/Library/Mobile\ Documents/com~apple~CloudDocs/Xcode\ Projects/Simple\ Calendar/Simple\ Calendar/HolidayDetailView.swift /Users/nathanfennel/Library/Mobile\ Documents/com~apple~CloudDocs/Xcode\ Projects/Simple\ Calendar/Simple\ Calendar/HolidayImageManager.swift /Users/nathanfennel/Library/Mobile\ Documents/com~apple~CloudDocs/Xcode\ Projects/Simple\ Calendar/Simple\ Calendar/HolidayManager.swift /Users/nathanfennel/Library/Mobile\ Documents/com~apple~CloudDocs/Xcode\ Projects/Simple\ Calendar/Simple\ Calendar/ImageManager.swift /Users/nathanfennel/Library/Mobile\ Documents/com~apple~CloudDocs/Xcode\ Projects/Simple\ Calendar/Simple\ Calendar/ImageRepository.swift /Users/nathanfennel/Library/Mobile\ Documents/com~apple~CloudDocs/Xcode\ Projects/Simple\ Calendar/Simple\ Calendar/ImageSelectionView.swift /Users/nathanfennel/Library/Mobile\ Documents/com~apple~CloudDocs/Xcode\ Projects/Simple\ Calendar/Simple\ Calendar/Item.swift /Users/nathanfennel/Library/Mobile\ Documents/com~apple~CloudDocs/Xcode\ Projects/Simple\ Calendar/Simple\ Calendar/KeyboardShortcuts.swift (in target 'Simple Calendar' from project 'Simple Calendar')
SwiftCompile normal arm64 /Users/nathanfennel/Library/Mobile\ Documents/com~apple~CloudDocs/Xcode\ Projects/Simple\ Calendar/Simple\ Calendar/HolidayCategoryManager.swift (in target 'Simple Calendar' from project 'Simple Calendar')
    cd /Users/nathanfennel/Library/Mobile\ Documents/com\~apple\~CloudDocs/Xcode\ Projects/Simple\ Calendar
    

SwiftCompile normal arm64 /Users/nathanfennel/Library/Mobile\ Documents/com~apple~CloudDocs/Xcode\ Projects/Simple\ Calendar/Simple\ Calendar/HolidayDetailView.swift (in target 'Simple Calendar' from project 'Simple Calendar')
    cd /Users/nathanfennel/Library/Mobile\ Documents/com\~apple\~CloudDocs/Xcode\ Projects/Simple\ Calendar
    
/Users/nathanfennel/Library/Mobile Documents/com~apple~CloudDocs/Xcode Projects/Simple Calendar/Simple Calendar/HolidayDetailView.swift:104:10: error: 'navigationBarTitleDisplayMode' is unavailable in macOS
        .navigationBarTitleDisplayMode(.inline)
         ^~~~~~~~~~~~~~~~~~~~~~~~~~~~~
SwiftUI.View.navigationBarTitleDisplayMode:2:25: note: 'navigationBarTitleDisplayMode' has been explicitly marked unavailable here
nonisolated public func navigationBarTitleDisplayMode(_ displayMode: NavigationBarItem.TitleDisplayMode) -> some View
                        ^

SwiftCompile normal arm64 /Users/nathanfennel/Library/Mobile\ Documents/com~apple~CloudDocs/Xcode\ Projects/Simple\ Calendar/Simple\ Calendar/HolidayImageManager.swift (in target 'Simple Calendar' from project 'Simple Calendar')
    cd /Users/nathanfennel/Library/Mobile\ Documents/com\~apple\~CloudDocs/Xcode\ Projects/Simple\ Calendar
    

SwiftCompile normal arm64 /Users/nathanfennel/Library/Mobile\ Documents/com~apple~CloudDocs/Xcode\ Projects/Simple\ Calendar/Simple\ Calendar/HolidayManager.swift (in target 'Simple Calendar' from project 'Simple Calendar')
    cd /Users/nathanfennel/Library/Mobile\ Documents/com\~apple\~CloudDocs/Xcode\ Projects/Simple\ Calendar
    

SwiftCompile normal arm64 /Users/nathanfennel/Library/Mobile\ Documents/com~apple~CloudDocs/Xcode\ Projects/Simple\ Calendar/Simple\ Calendar/ImageManager.swift (in target 'Simple Calendar' from project 'Simple Calendar')
    cd /Users/nathanfennel/Library/Mobile\ Documents/com\~apple\~CloudDocs/Xcode\ Projects/Simple\ Calendar
    

SwiftCompile normal arm64 /Users/nathanfennel/Library/Mobile\ Documents/com~apple~CloudDocs/Xcode\ Projects/Simple\ Calendar/Simple\ Calendar/ImageRepository.swift (in target 'Simple Calendar' from project 'Simple Calendar')
    cd /Users/nathanfennel/Library/Mobile\ Documents/com\~apple\~CloudDocs/Xcode\ Projects/Simple\ Calendar
    

SwiftCompile normal arm64 /Users/nathanfennel/Library/Mobile\ Documents/com~apple~CloudDocs/Xcode\ Projects/Simple\ Calendar/Simple\ Calendar/ImageSelectionView.swift (in target 'Simple Calendar' from project 'Simple Calendar')
    cd /Users/nathanfennel/Library/Mobile\ Documents/com\~apple\~CloudDocs/Xcode\ Projects/Simple\ Calendar
    

SwiftCompile normal arm64 /Users/nathanfennel/Library/Mobile\ Documents/com~apple~CloudDocs/Xcode\ Projects/Simple\ Calendar/Simple\ Calendar/Item.swift (in target 'Simple Calendar' from project 'Simple Calendar')
    cd /Users/nathanfennel/Library/Mobile\ Documents/com\~apple\~CloudDocs/Xcode\ Projects/Simple\ Calendar
    

SwiftCompile normal arm64 /Users/nathanfennel/Library/Mobile\ Documents/com~apple~CloudDocs/Xcode\ Projects/Simple\ Calendar/Simple\ Calendar/KeyboardShortcuts.swift (in target 'Simple Calendar' from project 'Simple Calendar')
    cd /Users/nathanfennel/Library/Mobile\ Documents/com\~apple\~CloudDocs/Xcode\ Projects/Simple\ Calendar
    

SwiftCompile normal arm64 Compiling\ KeyCommandRow.swift,\ KeyCommandsView.swift,\ LocationApproximator.swift,\ MonthAnimations.swift,\ MonthBackgroundAnimationView.swift,\ MonthlyThemeManager.swift,\ MonthMiniView.swift,\ OnThisDayCategoryView.swift,\ OnThisDayModels.swift /Users/nathanfennel/Library/Mobile\ Documents/com~apple~CloudDocs/Xcode\ Projects/Simple\ Calendar/Simple\ Calendar/KeyCommandRow.swift /Users/nathanfennel/Library/Mobile\ Documents/com~apple~CloudDocs/Xcode\ Projects/Simple\ Calendar/Simple\ Calendar/KeyCommandsView.swift /Users/nathanfennel/Library/Mobile\ Documents/com~apple~CloudDocs/Xcode\ Projects/Simple\ Calendar/Simple\ Calendar/LocationApproximator.swift /Users/nathanfennel/Library/Mobile\ Documents/com~apple~CloudDocs/Xcode\ Projects/Simple\ Calendar/Simple\ Calendar/MonthAnimations.swift /Users/nathanfennel/Library/Mobile\ Documents/com~apple~CloudDocs/Xcode\ Projects/Simple\ Calendar/Simple\ Calendar/MonthBackgroundAnimationView.swift /Users/nathanfennel/Library/Mobile\ Documents/com~apple~CloudDocs/Xcode\ Projects/Simple\ Calendar/Simple\ Calendar/MonthlyThemeManager.swift /Users/nathanfennel/Library/Mobile\ Documents/com~apple~CloudDocs/Xcode\ Projects/Simple\ Calendar/Simple\ Calendar/MonthMiniView.swift /Users/nathanfennel/Library/Mobile\ Documents/com~apple~CloudDocs/Xcode\ Projects/Simple\ Calendar/Simple\ Calendar/OnThisDayCategoryView.swift /Users/nathanfennel/Library/Mobile\ Documents/com~apple~CloudDocs/Xcode\ Projects/Simple\ Calendar/Simple\ Calendar/OnThisDayModels.swift (in target 'Simple Calendar' from project 'Simple Calendar')

SwiftCompile normal arm64 /Users/nathanfennel/Library/Mobile\ Documents/com~apple~CloudDocs/Xcode\ Projects/Simple\ Calendar/Simple\ Calendar/KeyCommandRow.swift (in target 'Simple Calendar' from project 'Simple Calendar')
    cd /Users/nathanfennel/Library/Mobile\ Documents/com\~apple\~CloudDocs/Xcode\ Projects/Simple\ Calendar
    

SwiftCompile normal arm64 /Users/nathanfennel/Library/Mobile\ Documents/com~apple~CloudDocs/Xcode\ Projects/Simple\ Calendar/Simple\ Calendar/KeyCommandsView.swift (in target 'Simple Calendar' from project 'Simple Calendar')
    cd /Users/nathanfennel/Library/Mobile\ Documents/com\~apple\~CloudDocs/Xcode\ Projects/Simple\ Calendar
    

SwiftCompile normal arm64 /Users/nathanfennel/Library/Mobile\ Documents/com~apple~CloudDocs/Xcode\ Projects/Simple\ Calendar/Simple\ Calendar/LocationApproximator.swift (in target 'Simple Calendar' from project 'Simple Calendar')
    cd /Users/nathanfennel/Library/Mobile\ Documents/com\~apple\~CloudDocs/Xcode\ Projects/Simple\ Calendar
    

SwiftCompile normal arm64 /Users/nathanfennel/Library/Mobile\ Documents/com~apple~CloudDocs/Xcode\ Projects/Simple\ Calendar/Simple\ Calendar/MonthAnimations.swift (in target 'Simple Calendar' from project 'Simple Calendar')
    cd /Users/nathanfennel/Library/Mobile\ Documents/com\~apple\~CloudDocs/Xcode\ Projects/Simple\ Calendar
    
/Users/nathanfennel/Library/Mobile Documents/com~apple~CloudDocs/Xcode Projects/Simple Calendar/Simple Calendar/MonthAnimations.swift:136:13: warning: immutable value 'i' was never used; consider replacing with '_' or removing it
        for i in 0..<cloudCount {
            ^
            _

SwiftCompile normal arm64 /Users/nathanfennel/Library/Mobile\ Documents/com~apple~CloudDocs/Xcode\ Projects/Simple\ Calendar/Simple\ Calendar/MonthBackgroundAnimationView.swift (in target 'Simple Calendar' from project 'Simple Calendar')
    cd /Users/nathanfennel/Library/Mobile\ Documents/com\~apple\~CloudDocs/Xcode\ Projects/Simple\ Calendar
    

SwiftCompile normal arm64 /Users/nathanfennel/Library/Mobile\ Documents/com~apple~CloudDocs/Xcode\ Projects/Simple\ Calendar/Simple\ Calendar/MonthlyThemeManager.swift (in target 'Simple Calendar' from project 'Simple Calendar')
    cd /Users/nathanfennel/Library/Mobile\ Documents/com\~apple\~CloudDocs/Xcode\ Projects/Simple\ Calendar
    

SwiftCompile normal arm64 /Users/nathanfennel/Library/Mobile\ Documents/com~apple~CloudDocs/Xcode\ Projects/Simple\ Calendar/Simple\ Calendar/MonthMiniView.swift (in target 'Simple Calendar' from project 'Simple Calendar')
    cd /Users/nathanfennel/Library/Mobile\ Documents/com\~apple\~CloudDocs/Xcode\ Projects/Simple\ Calendar
    

SwiftCompile normal arm64 /Users/nathanfennel/Library/Mobile\ Documents/com~apple~CloudDocs/Xcode\ Projects/Simple\ Calendar/Simple\ Calendar/OnThisDayCategoryView.swift (in target 'Simple Calendar' from project 'Simple Calendar')
    cd /Users/nathanfennel/Library/Mobile\ Documents/com\~apple\~CloudDocs/Xcode\ Projects/Simple\ Calendar
    

SwiftCompile normal arm64 /Users/nathanfennel/Library/Mobile\ Documents/com~apple~CloudDocs/Xcode\ Projects/Simple\ Calendar/Simple\ Calendar/OnThisDayModels.swift (in target 'Simple Calendar' from project 'Simple Calendar')
    cd /Users/nathanfennel/Library/Mobile\ Documents/com\~apple\~CloudDocs/Xcode\ Projects/Simple\ Calendar
    

SwiftCompile normal arm64 Compiling\ SettingsView.swift,\ Simple_CalendarApp.swift,\ SmallWeatherIndicator.swift,\ StatusBarView.swift,\ String+Localized.swift,\ ThemeCardTV.swift,\ ThemeManager.swift,\ TVEventCreationView.swift /Users/nathanfennel/Library/Mobile\ Documents/com~apple~CloudDocs/Xcode\ Projects/Simple\ Calendar/Simple\ Calendar/SettingsView.swift /Users/nathanfennel/Library/Mobile\ Documents/com~apple~CloudDocs/Xcode\ Projects/Simple\ Calendar/Simple\ Calendar/Simple_CalendarApp.swift /Users/nathanfennel/Library/Mobile\ Documents/com~apple~CloudDocs/Xcode\ Projects/Simple\ Calendar/Simple\ Calendar/SmallWeatherIndicator.swift /Users/nathanfennel/Library/Mobile\ Documents/com~apple~CloudDocs/Xcode\ Projects/Simple\ Calendar/Simple\ Calendar/StatusBarView.swift /Users/nathanfennel/Library/Mobile\ Documents/com~apple~CloudDocs/Xcode\ Projects/Simple\ Calendar/Simple\ Calendar/String+Localized.swift /Users/nathanfennel/Library/Mobile\ Documents/com~apple~CloudDocs/Xcode\ Projects/Simple\ Calendar/Simple\ Calendar/ThemeCardTV.swift /Users/nathanfennel/Library/Mobile\ Documents/com~apple~CloudDocs/Xcode\ Projects/Simple\ Calendar/Simple\ Calendar/ThemeManager.swift /Users/nathanfennel/Library/Mobile\ Documents/com~apple~CloudDocs/Xcode\ Projects/Simple\ Calendar/Simple\ Calendar/TVEventCreationView.swift (in target 'Simple Calendar' from project 'Simple Calendar')
Failed frontend command:
/Applications/Xcode.app/Contents/Developer/Toolchains/XcodeDefault.xctoolchain/usr/bin/swift-frontend -frontend -c /Users/nathanfennel/Library/Mobile\ Documents/com\~apple\~CloudDocs/Xcode\ Projects/Simple\ Calendar/Simple\ Calendar/AgendaView.swift /Users/nathanfennel/Library/Mobile\ Documents/com\~apple\~CloudDocs/Xcode\ Projects/Simple\ Calendar/Simple\ Calendar/AnimationAlphaSettings.swift /Users/nathanfennel/Library/Mobile\ Documents/com\~apple\~CloudDocs/Xcode\ Projects/Simple\ Calendar/Simple\ Calendar/AstronomicalInfoSectionTV.swift /Users/nathanfennel/Library/Mobile\ Documents/com\~apple\~CloudDocs/Xcode\ Projects/Simple\ Calendar/Simple\ Calendar/BrowserSelectionView.swift /Users/nathanfennel/Library/Mobile\ Documents/com\~apple\~CloudDocs/Xcode\ Projects/Simple\ Calendar/Simple\ Calendar/CalendarGradientBackground.swift /Users/nathanfennel/Library/Mobile\ Documents/com\~apple\~CloudDocs/Xcode\ Projects/Simple\ Calendar/Simple\ Calendar/CalendarViewModel.swift /Users/nathanfennel/Library/Mobile\ Documents/com\~apple\~CloudDocs/Xcode\ Projects/Simple\ Calendar/Simple\ Calendar/Color+Extension.swift /Users/nathanfennel/Library/Mobile\ Documents/com\~apple\~CloudDocs/Xcode\ Projects/Simple\ Calendar/Simple\ Calendar/ColorPalette.swift /Users/nathanfennel/Library/Mobile\ Documents/com\~apple\~CloudDocs/Xcode\ Projects/Simple\ Calendar/Simple\ Calendar/ColorTheme.swift /Users/nathanfennel/Library/Mobile\ Documents/com\~apple\~CloudDocs/Xcode\ Projects/Simple\ Calendar/Simple\ Calendar/ContentView.swift /Users/nathanfennel/Library/Mobile\ Documents/com\~apple\~CloudDocs/Xcode\ Projects/Simple\ Calendar/Simple\ Calendar/DayDetailSlideOut.swift /Users/nathanfennel/Library/Mobile\ Documents/com\~apple\~CloudDocs/Xcode\ Projects/Simple\ Calendar/Simple\ Calendar/DayDetailView.swift /Users/nathanfennel/Library/Mobile\ Documents/com\~apple\~CloudDocs/Xcode\ Projects/Simple\ Calendar/Simple\ Calendar/DaylightManager.swift /Users/nathanfennel/Library/Mobile\ Documents/com\~apple\~CloudDocs/Xcode\ Projects/Simple\ Calendar/Simple\ Calendar/DaylightVisualizationView.swift /Users/nathanfennel/Library/Mobile\ Documents/com\~apple\~CloudDocs/Xcode\ Projects/Simple\ Calendar/Simple\ Calendar/DayView.swift /Users/nathanfennel/Library/Mobile\ Documents/com\~apple\~CloudDocs/Xcode\ Projects/Simple\ Calendar/Simple\ Calendar/EventCreationView.swift /Users/nathanfennel/Library/Mobile\ Documents/com\~apple\~CloudDocs/Xcode\ Projects/Simple\ Calendar/Simple\ Calendar/EventDetailView.swift /Users/nathanfennel/Library/Mobile\ Documents/com\~apple\~CloudDocs/Xcode\ Projects/Simple\ Calendar/Simple\ Calendar/EventExporter.swift /Users/nathanfennel/Library/Mobile\ Documents/com\~apple\~CloudDocs/Xcode\ Projects/Simple\ Calendar/Simple\ Calendar/EventIconManager.swift /Users/nathanfennel/Library/Mobile\ Documents/com\~apple\~CloudDocs/Xcode\ Projects/Simple\ Calendar/Simple\ Calendar/EventMapView.swift /Users/nathanfennel/Library/Mobile\ Documents/com\~apple\~CloudDocs/Xcode\ Projects/Simple\ Calendar/Simple\ Calendar/EventTemplates.swift /Users/nathanfennel/Library/Mobile\ Documents/com\~apple\~CloudDocs/Xcode\ Projects/Simple\ Calendar/Simple\ Calendar/EventTemplateSelector.swift /Users/nathanfennel/Library/Mobile\ Documents/com\~apple\~CloudDocs/Xcode\ Projects/Simple\ Calendar/Simple\ Calendar/FeatureFlags.swift /Users/nathanfennel/Library/Mobile\ Documents/com\~apple\~CloudDocs/Xcode\ Projects/Simple\ Calendar/Simple\ Calendar/GoogleCalendarAPI.swift /Users/nathanfennel/Library/Mobile\ Documents/com\~apple\~CloudDocs/Xcode\ Projects/Simple\ Calendar/Simple\ Calendar/GoogleOAuthManager.swift /Users/nathanfennel/Library/Mobile\ Documents/com\~apple\~CloudDocs/Xcode\ Projects/Simple\ Calendar/Simple\ Calendar/HelpView.swift /Users/nathanfennel/Library/Mobile\ Documents/com\~apple\~CloudDocs/Xcode\ Projects/Simple\ Calendar/Simple\ Calendar/Holiday.swift /Users/nathanfennel/Library/Mobile\ Documents/com\~apple\~CloudDocs/Xcode\ Projects/Simple\ Calendar/Simple\ Calendar/HolidayCategoryManager.swift /Users/nathanfennel/Library/Mobile\ Documents/com\~apple\~CloudDocs/Xcode\ Projects/Simple\ Calendar/Simple\ Calendar/HolidayDetailView.swift /Users/nathanfennel/Library/Mobile\ Documents/com\~apple\~CloudDocs/Xcode\ Projects/Simple\ Calendar/Simple\ Calendar/HolidayImageManager.swift /Users/nathanfennel/Library/Mobile\ Documents/com\~apple\~CloudDocs/Xcode\ Projects/Simple\ Calendar/Simple\ Calendar/HolidayManager.swift /Users/nathanfennel/Library/Mobile\ Documents/com\~apple\~CloudDocs/Xcode\ Projects/Simple\ Calendar/Simple\ Calendar/ImageManager.swift /Users/nathanfennel/Library/Mobile\ Documents/com\~apple\~CloudDocs/Xcode\ Projects/Simple\ Calendar/Simple\ Calendar/ImageRepository.swift /Users/nathanfennel/Library/Mobile\ Documents/com\~apple\~CloudDocs/Xcode\ Projects/Simple\ Calendar/Simple\ Calendar/ImageSelectionView.swift /Users/nathanfennel/Library/Mobile\ Documents/com\~apple\~CloudDocs/Xcode\ Projects/Simple\ Calendar/Simple\ Calendar/Item.swift /Users/nathanfennel/Library/Mobile\ Documents/com\~apple\~CloudDocs/Xcode\ Projects/Simple\ Calendar/Simple\ Calendar/KeyboardShortcuts.swift /Users/nathanfennel/Library/Mobile\ Documents/com\~apple\~CloudDocs/Xcode\ Projects/Simple\ Calendar/Simple\ Calendar/KeyCommandRow.swift /Users/nathanfennel/Library/Mobile\ Documents/com\~apple\~CloudDocs/Xcode\ Projects/Simple\ Calendar/Simple\ Calendar/KeyCommandsView.swift /Users/nathanfennel/Library/Mobile\ Documents/com\~apple\~CloudDocs/Xcode\ Projects/Simple\ Calendar/Simple\ Calendar/LocationApproximator.swift /Users/nathanfennel/Library/Mobile\ Documents/com\~apple\~CloudDocs/Xcode\ Projects/Simple\ Calendar/Simple\ Calendar/MonthAnimations.swift /Users/nathanfennel/Library/Mobile\ Documents/com\~apple\~CloudDocs/Xcode\ Projects/Simple\ Calendar/Simple\ Calendar/MonthBackgroundAnimationView.swift /Users/nathanfennel/Library/Mobile\ Documents/com\~apple\~CloudDocs/Xcode\ Projects/Simple\ Calendar/Simple\ Calendar/MonthlyThemeManager.swift /Users/nathanfennel/Library/Mobile\ Documents/com\~apple\~CloudDocs/Xcode\ Projects/Simple\ Calendar/Simple\ Calendar/MonthMiniView.swift /Users/nathanfennel/Library/Mobile\ Documents/com\~apple\~CloudDocs/Xcode\ Projects/Simple\ Calendar/Simple\ Calendar/OnThisDayCategoryView.swift /Users/nathanfennel/Library/Mobile\ Documents/com\~apple\~CloudDocs/Xcode\ Projects/Simple\ Calendar/Simple\ Calendar/OnThisDayModels.swift /Users/nathanfennel/Library/Mobile\ Documents/com\~apple\~CloudDocs/Xcode\ Projects/Simple\ Calendar/Simple\ Calendar/OnThisDaySection.swift /Users/nathanfennel/Library/Mobile\ Documents/com\~apple\~CloudDocs/Xcode\ Projects/Simple\ Calendar/Simple\ Calendar/OnThisDayService.swift /Users/nathanfennel/Library/Mobile\ Documents/com\~apple\~CloudDocs/Xcode\ Projects/Simple\ Calendar/Simple\ Calendar/PermissionPrimerView.swift /Users/nathanfennel/Library/Mobile\ Documents/com\~apple\~CloudDocs/Xcode\ Projects/Simple\ Calendar/Simple\ Calendar/PlatformTypes.swift /Users/nathanfennel/Library/Mobile\ Documents/com\~apple\~CloudDocs/Xcode\ Projects/Simple\ Calendar/Simple\ Calendar/QuickAddView.swift /Users/nathanfennel/Library/Mobile\ Documents/com\~apple\~CloudDocs/Xcode\ Projects/Simple\ Calendar/Simple\ Calendar/RequestQueueManager.swift /Users/nathanfennel/Library/Mobile\ Documents/com\~apple\~CloudDocs/Xcode\ Projects/Simple\ Calendar/Simple\ Calendar/ScrollViewWithFade.swift /Users/nathanfennel/Library/Mobile\ Documents/com\~apple\~CloudDocs/Xcode\ Projects/Simple\ Calendar/Simple\ Calendar/SearchResultRow.swift /Users/nathanfennel/Library/Mobile\ Documents/com\~apple\~CloudDocs/Xcode\ Projects/Simple\ Calendar/Simple\ Calendar/SearchView.swift -primary-file /Users/nathanfennel/Library/Mobile\ Documents/com\~apple\~CloudDocs/Xcode\ Projects/Simple\ Calendar/Simple\ Calendar/SettingsView.swift -primary-file /Users/nathanfennel/Library/Mobile\ Documents/com\~apple\~CloudDocs/Xcode\ Projects/Simple\ Calendar/Simple\ Calendar/Simple_CalendarApp.swift -primary-file /Users/nathanfennel/Library/Mobile\ Documents/com\~apple\~CloudDocs/Xcode\ Projects/Simple\ Calendar/Simple\ Calendar/SmallWeatherIndicator.swift -primary-file /Users/nathanfennel/Library/Mobile\ Documents/com\~apple\~CloudDocs/Xcode\ Projects/Simple\ Calendar/Simple\ Calendar/StatusBarView.swift -primary-file /Users/nathanfennel/Library/Mobile\ Documents/com\~apple\~CloudDocs/Xcode\ Projects/Simple\ Calendar/Simple\ Calendar/String+Localized.swift -primary-file /Users/nathanfennel/Library/Mobile\ Documents/com\~apple\~CloudDocs/Xcode\ Projects/Simple\ Calendar/Simple\ Calendar/ThemeCardTV.swift -primary-file /Users/nathanfennel/Library/Mobile\ Documents/com\~apple\~CloudDocs/Xcode\ Projects/Simple\ Calendar/Simple\ Calendar/ThemeManager.swift -primary-file /Users/nathanfennel/Library/Mobile\ Documents/com\~apple\~CloudDocs/Xcode\ Projects/Simple\ Calendar/Simple\ Calendar/TVEventCreationView.swift /Users/nathanfennel/Library/Mobile\ Documents/com\~apple\~CloudDocs/Xcode\ Projects/Simple\ Calendar/Simple\ Calendar/TVEventManagementView.swift /Users/nathanfennel/Library/Mobile\ Documents/com\~apple\~CloudDocs/Xcode\ Projects/Simple\ Calendar/Simple\ Calendar/UIConfiguration.swift /Users/nathanfennel/Library/Mobile\ Documents/com\~apple\~CloudDocs/Xcode\ Projects/Simple\ Calendar/Simple\ Calendar/UnsplashAPI.swift /Users/nathanfennel/Library/Mobile\ Documents/com\~apple\~CloudDocs/Xcode\ Projects/Simple\ Calendar/Simple\ Calendar/URLTextView.swift /Users/nathanfennel/Library/Mobile\ Documents/com\~apple\~CloudDocs/Xcode\ Projects/Simple\ Calendar/Simple\ Calendar/ViewModeSelectorView.swift /Users/nathanfennel/Library/Mobile\ Documents/com\~apple\~CloudDocs/Xcode\ Projects/Simple\ Calendar/Simple\ Calendar/WeatherDisplayState.swift /Users/nathanfennel/Library/Mobile\ Documents/com\~apple\~CloudDocs/Xcode\ Projects/Simple\ Calendar/Simple\ Calendar/WeatherManager.swift /Users/nathanfennel/Library/Developer/Xcode/DerivedData/Simple_Calendar-ebdbavblwrmkibcmogqvhaymdqdg/Build/Intermediates.noindex/Simple\ Calendar.build/Debug/Simple\ Calendar.build/DerivedSources/GeneratedAssetSymbols.swift -supplementary-output-file-map /Users/nathanfennel/Library/Developer/Xcode/DerivedData/Simple_Calendar-ebdbavblwrmkibcmogqvhaymdqdg/Build/Intermediates.noindex/Simple\ Calendar.build/Debug/Simple\ Calendar.build/Objects-normal/arm64/supplementaryOutputs-7 -emit-localized-strings -emit-localized-strings-path /Users/nathanfennel/Library/Developer/Xcode/DerivedData/Simple_Calendar-ebdbavblwrmkibcmogqvhaymdqdg/Build/Intermediates.noindex/Simple\ Calendar.build/Debug/Simple\ Calendar.build/Objects-normal/arm64 -target arm64-apple-macos15.6 -module-can-import-version AppKit 2685.20.119 2685.20.119 -module-can-import-version DeveloperToolsSupport 23.0.4 23.0.4 -module-can-import-version SwiftUI 7.1.13.1 7.1.13 -module-can-import-version WeatherKit 982 0 -disable-cross-import-overlay-search -swift-module-cross-import AuthenticationServices /Applications/Xcode.app/Contents/Developer/Platforms/MacOSX.platform/Developer/SDKs/MacOSX.sdk/System/Cryptexes/OS/System/Library/Frameworks/AuthenticationServices.framework/Modules/AuthenticationServices.swiftcrossimport/SwiftUI.swiftoverlay -swift-module-cross-import AuthenticationServices /Applications/Xcode.app/Contents/Developer/Platforms/MacOSX.platform/Developer/SDKs/MacOSX26.1.sdk/System/Library/Frameworks/AuthenticationServices.framework/Modules/AuthenticationServices.swiftcrossimport/SwiftUI.swiftoverlay -swift-module-cross-import MapKit /Applications/Xcode.app/Contents/Developer/Platforms/MacOSX.platform/Developer/SDKs/MacOSX.sdk/System/Library/Frameworks/MapKit.framework/Modules/MapKit.swiftcrossimport/SwiftUI.swiftoverlay -swift-module-cross-import SwiftData /Applications/Xcode.app/Contents/Developer/Platforms/MacOSX.platform/Developer/SDKs/MacOSX26.1.sdk/System/Library/Frameworks/SwiftData.framework/Modules/SwiftData.swiftcrossimport/CoreData.swiftoverlay -swift-module-cross-import SwiftData /Applications/Xcode.app/Contents/Developer/Platforms/MacOSX.platform/Developer/SDKs/MacOSX26.1.sdk/System/Library/Frameworks/SwiftData.framework/Modules/SwiftData.swiftcrossimport/SwiftUI.swiftoverlay -load-resolved-plugin /Applications/Xcode.app/Contents/Developer/Platforms/MacOSX.platform/Developer/usr/lib/swift/host/plugins/libFoundationMacros.dylib\#/Applications/Xcode.app/Contents/Developer/Platforms/MacOSX.platform/Developer/usr/bin/swift-plugin-server\#FoundationMacros -load-resolved-plugin /Applications/Xcode.app/Contents/Developer/Platforms/MacOSX.platform/Developer/usr/lib/swift/host/plugins/libObservationMacros.dylib\#/Applications/Xcode.app/Contents/Developer/Platforms/MacOSX.platform/Developer/usr/bin/swift-plugin-server\#ObservationMacros -load-resolved-plugin /Applications/Xcode.app/Contents/Developer/Platforms/MacOSX.platform/Developer/usr/lib/swift/host/plugins/libPreviewsMacros.dylib\#/Applications/Xcode.app/Contents/Developer/Platforms/MacOSX.platform/Developer/usr/bin/swift-plugin-server\#PreviewsMacros -load-resolved-plugin /Applications/Xcode.app/Contents/Developer/Platforms/MacOSX.platform/Developer/usr/lib/swift/host/plugins/libSwiftDataMacros.dylib\#/Applications/Xcode.app/Contents/Developer/Platforms/MacOSX.platform/Developer/usr/bin/swift-plugin-server\#SwiftDataMacros -load-resolved-plugin /Applications/Xcode.app/Contents/Developer/Platforms/MacOSX.platform/Developer/usr/lib/swift/host/plugins/libSwiftMacros.dylib\#/Applications/Xcode.app/Contents/Developer/Platforms/MacOSX.platform/Developer/usr/bin/swift-plugin-server\#SwiftMacros -load-resolved-plugin /Applications/Xcode.app/Contents/Developer/Platforms/MacOSX.platform/Developer/usr/lib/swift/host/plugins/libSwiftUIMacros.dylib\#/Applications/Xcode.app/Contents/Developer/Platforms/MacOSX.platform/Developer/usr/bin/swift-plugin-server\#SwiftUIMacros -disable-implicit-swift-modules -Xcc -fno-implicit-modules -Xcc -fno-implicit-module-maps -explicit-swift-module-map-file /Users/nathanfennel/Library/Developer/Xcode/DerivedData/Simple_Calendar-ebdbavblwrmkibcmogqvhaymdqdg/Build/Intermediates.noindex/Simple\ Calendar.build/Debug/Simple\ Calendar.build/Objects-normal/arm64/Simple_Calendar-dependencies-1.json -Xllvm -aarch64-use-tbi -enable-objc-interop -stack-check -sdk /Applications/Xcode.app/Contents/Developer/Platforms/MacOSX.platform/Developer/SDKs/MacOSX26.1.sdk -I /Users/nathanfennel/Library/Developer/Xcode/DerivedData/Simple_Calendar-ebdbavblwrmkibcmogqvhaymdqdg/Build/Products/Debug -F /Users/nathanfennel/Library/Developer/Xcode/DerivedData/Simple_Calendar-ebdbavblwrmkibcmogqvhaymdqdg/Build/Products/Debug -no-color-diagnostics -Xcc -fno-color-diagnostics -enable-testing -g -debug-info-format\=dwarf -dwarf-version\=5 -module-cache-path /Users/nathanfennel/Library/Developer/Xcode/DerivedData/Simple_Calendar-ebdbavblwrmkibcmogqvhaymdqdg/Build/Intermediates.noindex/SwiftExplicitPrecompiledModules -profile-generate -profile-coverage-mapping -swift-version 5 -enforce-exclusivity\=checked -Onone -D DEBUG -serialize-debugging-options -const-gather-protocols-file /Users/nathanfennel/Library/Developer/Xcode/DerivedData/Simple_Calendar-ebdbavblwrmkibcmogqvhaymdqdg/Build/Intermediates.noindex/Simple\ Calendar.build/Debug/Simple\ Calendar.build/Objects-normal/arm64/Simple\ Calendar_const_extract_protocols.json -enable-upcoming-feature DisableOutwardActorInference -enable-upcoming-feature InferSendableFromCaptures -enable-upcoming-feature GlobalActorIsolatedTypesUsability -enable-upcoming-feature MemberImportVisibility -enable-upcoming-feature InferIsolatedConformances -enable-upcoming-feature NonisolatedNonsendingByDefault -enable-experimental-feature DebugDescriptionMacro -enable-bare-slash-regex -default-isolation\=MainActor -empty-abi-descriptor -validate-clang-modules-once -clang-build-session-file /Users/nathanfennel/Library/Developer/Xcode/DerivedData/ModuleCache.noindex/Session.modulevalidation -Xcc -working-directory -Xcc /Users/nathanfennel/Library/Mobile\ Documents/com\~apple\~CloudDocs/Xcode\ Projects/Simple\ Calendar -enable-anonymous-context-mangled-names -file-compilation-dir /Users/nathanfennel/Library/Mobile\ Documents/com\~apple\~CloudDocs/Xcode\ Projects/Simple\ Calendar -Xcc -D_LIBCPP_HARDENING_MODE\=_LIBCPP_HARDENING_MODE_DEBUG -Xcc -ivfsstatcache -Xcc /Users/nathanfennel/Library/Developer/Xcode/DerivedData/SDKStatCaches.noindex/macosx26.1-25B74-3ae1261907bdadc328169391a47051a6.sdkstatcache -Xcc -I/Users/nathanfennel/Library/Developer/Xcode/DerivedData/Simple_Calendar-ebdbavblwrmkibcmogqvhaymdqdg/Build/Intermediates.noindex/Simple\ Calendar.build/Debug/Simple\ Calendar.build/swift-overrides.hmap -Xcc -iquote -Xcc /Users/nathanfennel/Library/Developer/Xcode/DerivedData/Simple_Calendar-ebdbavblwrmkibcmogqvhaymdqdg/Build/Intermediates.noindex/Simple\ Calendar.build/Debug/Simple\ Calendar.build/Simple\ Calendar-generated-files.hmap -Xcc -I/Users/nathanfennel/Library/Developer/Xcode/DerivedData/Simple_Calendar-ebdbavblwrmkibcmogqvhaymdqdg/Build/Intermediates.noindex/Simple\ Calendar.build/Debug/Simple\ Calendar.build/Simple\ Calendar-own-target-headers.hmap -Xcc -I/Users/nathanfennel/Library/Developer/Xcode/DerivedData/Simple_Calendar-ebdbavblwrmkibcmogqvhaymdqdg/Build/Intermediates.noindex/Simple\ Calendar.build/Debug/Simple\ Calendar.build/Simple\ Calendar-all-target-headers.hmap -Xcc -iquote -Xcc /Users/nathanfennel/Library/Developer/Xcode/DerivedData/Simple_Calendar-ebdbavblwrmkibcmogqvhaymdqdg/Build/Intermediates.noindex/Simple\ Calendar.build/Debug/Simple\ Calendar.build/Simple\ Calendar-project-headers.hmap -Xcc -I/Users/nathanfennel/Library/Developer/Xcode/DerivedData/Simple_Calendar-ebdbavblwrmkibcmogqvhaymdqdg/Build/Products/Debug/include -Xcc -I/Users/nathanfennel/Library/Developer/Xcode/DerivedData/Simple_Calendar-ebdbavblwrmkibcmogqvhaymdqdg/Build/Intermediates.noindex/Simple\ Calendar.build/Debug/Simple\ Calendar.build/DerivedSources-normal/arm64 -Xcc -I/Users/nathanfennel/Library/Developer/Xcode/DerivedData/Simple_Calendar-ebdbavblwrmkibcmogqvhaymdqdg/Build/Intermediates.noindex/Simple\ Calendar.build/Debug/Simple\ Calendar.build/DerivedSources/arm64 -Xcc -I/Users/nathanfennel/Library/Developer/Xcode/DerivedData/Simple_Calendar-ebdbavblwrmkibcmogqvhaymdqdg/Build/Intermediates.noindex/Simple\ Calendar.build/Debug/Simple\ Calendar.build/DerivedSources -Xcc -DDEBUG\=1 -no-auto-bridging-header-chaining -module-name Simple_Calendar -frontend-parseable-output -disable-clang-spi -target-sdk-version 26.1 -target-sdk-name macosx26.1 -clang-target arm64-apple-macos26.1 -in-process-plugin-server-path /Applications/Xcode.app/Contents/Developer/Toolchains/XcodeDefault.xctoolchain/usr/lib/swift/host/libSwiftInProcPluginServer.dylib -o /Users/nathanfennel/Library/Developer/Xcode/DerivedData/Simple_Calendar-ebdbavblwrmkibcmogqvhaymdqdg/Build/Intermediates.noindex/Simple\ Calendar.build/Debug/Simple\ Calendar.build/Objects-normal/arm64/SettingsView.o -o /Users/nathanfennel/Library/Developer/Xcode/DerivedData/Simple_Calendar-ebdbavblwrmkibcmogqvhaymdqdg/Build/Intermediates.noindex/Simple\ Calendar.build/Debug/Simple\ Calendar.build/Objects-normal/arm64/Simple_CalendarApp.o -o /Users/nathanfennel/Library/Developer/Xcode/DerivedData/Simple_Calendar-ebdbavblwrmkibcmogqvhaymdqdg/Build/Intermediates.noindex/Simple\ Calendar.build/Debug/Simple\ Calendar.build/Objects-normal/arm64/SmallWeatherIndicator.o -o /Users/nathanfennel/Library/Developer/Xcode/DerivedData/Simple_Calendar-ebdbavblwrmkibcmogqvhaymdqdg/Build/Intermediates.noindex/Simple\ Calendar.build/Debug/Simple\ Calendar.build/Objects-normal/arm64/StatusBarView.o -o /Users/nathanfennel/Library/Developer/Xcode/DerivedData/Simple_Calendar-ebdbavblwrmkibcmogqvhaymdqdg/Build/Intermediates.noindex/Simple\ Calendar.build/Debug/Simple\ Calendar.build/Objects-normal/arm64/String+Localized.o -o /Users/nathanfennel/Library/Developer/Xcode/DerivedData/Simple_Calendar-ebdbavblwrmkibcmogqvhaymdqdg/Build/Intermediates.noindex/Simple\ Calendar.build/Debug/Simple\ Calendar.build/Objects-normal/arm64/ThemeCardTV.o -o /Users/nathanfennel/Library/Developer/Xcode/DerivedData/Simple_Calendar-ebdbavblwrmkibcmogqvhaymdqdg/Build/Intermediates.noindex/Simple\ Calendar.build/Debug/Simple\ Calendar.build/Objects-normal/arm64/ThemeManager.o -o /Users/nathanfennel/Library/Developer/Xcode/DerivedData/Simple_Calendar-ebdbavblwrmkibcmogqvhaymdqdg/Build/Intermediates.noindex/Simple\ Calendar.build/Debug/Simple\ Calendar.build/Objects-normal/arm64/TVEventCreationView.o -index-unit-output-path /Simple\ Calendar.build/Debug/Simple\ Calendar.build/Objects-normal/arm64/SettingsView.o -index-unit-output-path /Simple\ Calendar.build/Debug/Simple\ Calendar.build/Objects-normal/arm64/Simple_CalendarApp.o -index-unit-output-path /Simple\ Calendar.build/Debug/Simple\ Calendar.build/Objects-normal/arm64/SmallWeatherIndicator.o -index-unit-output-path /Simple\ Calendar.build/Debug/Simple\ Calendar.build/Objects-normal/arm64/StatusBarView.o -index-unit-output-path /Simple\ Calendar.build/Debug/Simple\ Calendar.build/Objects-normal/arm64/String+Localized.o -index-unit-output-path /Simple\ Calendar.build/Debug/Simple\ Calendar.build/Objects-normal/arm64/ThemeCardTV.o -index-unit-output-path /Simple\ Calendar.build/Debug/Simple\ Calendar.build/Objects-normal/arm64/ThemeManager.o -index-unit-output-path /Simple\ Calendar.build/Debug/Simple\ Calendar.build/Objects-normal/arm64/TVEventCreationView.o -index-store-path /Users/nathanfennel/Library/Developer/Xcode/DerivedData/Simple_Calendar-ebdbavblwrmkibcmogqvhaymdqdg/Index.noindex/DataStore -index-system-modules

SwiftCompile normal arm64 /Users/nathanfennel/Library/Mobile\ Documents/com~apple~CloudDocs/Xcode\ Projects/Simple\ Calendar/Simple\ Calendar/SettingsView.swift (in target 'Simple Calendar' from project 'Simple Calendar')
    cd /Users/nathanfennel/Library/Mobile\ Documents/com\~apple\~CloudDocs/Xcode\ Projects/Simple\ Calendar
    
/Users/nathanfennel/Library/Mobile Documents/com~apple~CloudDocs/Xcode Projects/Simple Calendar/Simple Calendar/SettingsView.swift:121:74: error: cannot find 'UIApplication' in scope
                                                if let url = URL(string: UIApplication.openSettingsURLString) {
                                                                         ^~~~~~~~~~~~~
/Users/nathanfennel/Library/Mobile Documents/com~apple~CloudDocs/Xcode Projects/Simple Calendar/Simple Calendar/SettingsView.swift:122:53: error: cannot find 'UIApplication' in scope
                                                    UIApplication.shared.open(url)
                                                    ^~~~~~~~~~~~~

SwiftCompile normal arm64 /Users/nathanfennel/Library/Mobile\ Documents/com~apple~CloudDocs/Xcode\ Projects/Simple\ Calendar/Simple\ Calendar/Simple_CalendarApp.swift (in target 'Simple Calendar' from project 'Simple Calendar')
    cd /Users/nathanfennel/Library/Mobile\ Documents/com\~apple\~CloudDocs/Xcode\ Projects/Simple\ Calendar
    

SwiftCompile normal arm64 /Users/nathanfennel/Library/Mobile\ Documents/com~apple~CloudDocs/Xcode\ Projects/Simple\ Calendar/Simple\ Calendar/SmallWeatherIndicator.swift (in target 'Simple Calendar' from project 'Simple Calendar')
    cd /Users/nathanfennel/Library/Mobile\ Documents/com\~apple\~CloudDocs/Xcode\ Projects/Simple\ Calendar
    

SwiftCompile normal arm64 /Users/nathanfennel/Library/Mobile\ Documents/com~apple~CloudDocs/Xcode\ Projects/Simple\ Calendar/Simple\ Calendar/StatusBarView.swift (in target 'Simple Calendar' from project 'Simple Calendar')
    cd /Users/nathanfennel/Library/Mobile\ Documents/com\~apple\~CloudDocs/Xcode\ Projects/Simple\ Calendar
    

SwiftCompile normal arm64 /Users/nathanfennel/Library/Mobile\ Documents/com~apple~CloudDocs/Xcode\ Projects/Simple\ Calendar/Simple\ Calendar/String+Localized.swift (in target 'Simple Calendar' from project 'Simple Calendar')
    cd /Users/nathanfennel/Library/Mobile\ Documents/com\~apple\~CloudDocs/Xcode\ Projects/Simple\ Calendar
    

SwiftCompile normal arm64 /Users/nathanfennel/Library/Mobile\ Documents/com~apple~CloudDocs/Xcode\ Projects/Simple\ Calendar/Simple\ Calendar/ThemeCardTV.swift (in target 'Simple Calendar' from project 'Simple Calendar')
    cd /Users/nathanfennel/Library/Mobile\ Documents/com\~apple\~CloudDocs/Xcode\ Projects/Simple\ Calendar
    

SwiftCompile normal arm64 /Users/nathanfennel/Library/Mobile\ Documents/com~apple~CloudDocs/Xcode\ Projects/Simple\ Calendar/Simple\ Calendar/ThemeManager.swift (in target 'Simple Calendar' from project 'Simple Calendar')
    cd /Users/nathanfennel/Library/Mobile\ Documents/com\~apple\~CloudDocs/Xcode\ Projects/Simple\ Calendar
    

SwiftCompile normal arm64 /Users/nathanfennel/Library/Mobile\ Documents/com~apple~CloudDocs/Xcode\ Projects/Simple\ Calendar/Simple\ Calendar/TVEventCreationView.swift (in target 'Simple Calendar' from project 'Simple Calendar')
    cd /Users/nathanfennel/Library/Mobile\ Documents/com\~apple\~CloudDocs/Xcode\ Projects/Simple\ Calendar
    
/Users/nathanfennel/Library/Mobile Documents/com~apple~CloudDocs/Xcode Projects/Simple Calendar/Simple Calendar/TVEventCreationView.swift:228:14: error: 'navigationBarItems(leading:trailing:)' is unavailable in macOS
            .navigationBarItems(
             ^~~~~~~~~~~~~~~~~~
SwiftUI.View.navigationBarItems:7:27: note: 'navigationBarItems(leading:trailing:)' has been explicitly marked unavailable here
  nonisolated public func navigationBarItems<L, T>(leading: L, trailing: T) -> some View where L : View, T : View
                          ^
/Users/nathanfennel/Library/Mobile Documents/com~apple~CloudDocs/Xcode Projects/Simple Calendar/Simple Calendar/TVEventCreationView.swift:244:31: error: 'stack' is unavailable in macOS
        .navigationViewStyle(.stack)
                              ^~~~~
SwiftUI.NavigationViewStyle.stack:2:19: note: 'stack' has been explicitly marked unavailable here
public static var stack: StackNavigationViewStyle { get }}
                  ^

SwiftCompile normal arm64 Compiling\ OnThisDaySection.swift,\ OnThisDayService.swift,\ PermissionPrimerView.swift,\ PlatformTypes.swift,\ QuickAddView.swift,\ RequestQueueManager.swift,\ ScrollViewWithFade.swift,\ SearchResultRow.swift,\ SearchView.swift /Users/nathanfennel/Library/Mobile\ Documents/com~apple~CloudDocs/Xcode\ Projects/Simple\ Calendar/Simple\ Calendar/OnThisDaySection.swift /Users/nathanfennel/Library/Mobile\ Documents/com~apple~CloudDocs/Xcode\ Projects/Simple\ Calendar/Simple\ Calendar/OnThisDayService.swift /Users/nathanfennel/Library/Mobile\ Documents/com~apple~CloudDocs/Xcode\ Projects/Simple\ Calendar/Simple\ Calendar/PermissionPrimerView.swift /Users/nathanfennel/Library/Mobile\ Documents/com~apple~CloudDocs/Xcode\ Projects/Simple\ Calendar/Simple\ Calendar/PlatformTypes.swift /Users/nathanfennel/Library/Mobile\ Documents/com~apple~CloudDocs/Xcode\ Projects/Simple\ Calendar/Simple\ Calendar/QuickAddView.swift /Users/nathanfennel/Library/Mobile\ Documents/com~apple~CloudDocs/Xcode\ Projects/Simple\ Calendar/Simple\ Calendar/RequestQueueManager.swift /Users/nathanfennel/Library/Mobile\ Documents/com~apple~CloudDocs/Xcode\ Projects/Simple\ Calendar/Simple\ Calendar/ScrollViewWithFade.swift /Users/nathanfennel/Library/Mobile\ Documents/com~apple~CloudDocs/Xcode\ Projects/Simple\ Calendar/Simple\ Calendar/SearchResultRow.swift /Users/nathanfennel/Library/Mobile\ Documents/com~apple~CloudDocs/Xcode\ Projects/Simple\ Calendar/Simple\ Calendar/SearchView.swift (in target 'Simple Calendar' from project 'Simple Calendar')

SwiftCompile normal arm64 /Users/nathanfennel/Library/Mobile\ Documents/com~apple~CloudDocs/Xcode\ Projects/Simple\ Calendar/Simple\ Calendar/OnThisDaySection.swift (in target 'Simple Calendar' from project 'Simple Calendar')
    cd /Users/nathanfennel/Library/Mobile\ Documents/com\~apple\~CloudDocs/Xcode\ Projects/Simple\ Calendar
    

SwiftCompile normal arm64 /Users/nathanfennel/Library/Mobile\ Documents/com~apple~CloudDocs/Xcode\ Projects/Simple\ Calendar/Simple\ Calendar/OnThisDayService.swift (in target 'Simple Calendar' from project 'Simple Calendar')
    cd /Users/nathanfennel/Library/Mobile\ Documents/com\~apple\~CloudDocs/Xcode\ Projects/Simple\ Calendar
    

SwiftCompile normal arm64 /Users/nathanfennel/Library/Mobile\ Documents/com~apple~CloudDocs/Xcode\ Projects/Simple\ Calendar/Simple\ Calendar/PermissionPrimerView.swift (in target 'Simple Calendar' from project 'Simple Calendar')
    cd /Users/nathanfennel/Library/Mobile\ Documents/com\~apple\~CloudDocs/Xcode\ Projects/Simple\ Calendar
    

SwiftCompile normal arm64 /Users/nathanfennel/Library/Mobile\ Documents/com~apple~CloudDocs/Xcode\ Projects/Simple\ Calendar/Simple\ Calendar/PlatformTypes.swift (in target 'Simple Calendar' from project 'Simple Calendar')
    cd /Users/nathanfennel/Library/Mobile\ Documents/com\~apple\~CloudDocs/Xcode\ Projects/Simple\ Calendar
    

SwiftCompile normal arm64 /Users/nathanfennel/Library/Mobile\ Documents/com~apple~CloudDocs/Xcode\ Projects/Simple\ Calendar/Simple\ Calendar/QuickAddView.swift (in target 'Simple Calendar' from project 'Simple Calendar')
    cd /Users/nathanfennel/Library/Mobile\ Documents/com\~apple\~CloudDocs/Xcode\ Projects/Simple\ Calendar
    

SwiftCompile normal arm64 /Users/nathanfennel/Library/Mobile\ Documents/com~apple~CloudDocs/Xcode\ Projects/Simple\ Calendar/Simple\ Calendar/RequestQueueManager.swift (in target 'Simple Calendar' from project 'Simple Calendar')
    cd /Users/nathanfennel/Library/Mobile\ Documents/com\~apple\~CloudDocs/Xcode\ Projects/Simple\ Calendar
    

SwiftCompile normal arm64 /Users/nathanfennel/Library/Mobile\ Documents/com~apple~CloudDocs/Xcode\ Projects/Simple\ Calendar/Simple\ Calendar/ScrollViewWithFade.swift (in target 'Simple Calendar' from project 'Simple Calendar')
    cd /Users/nathanfennel/Library/Mobile\ Documents/com\~apple\~CloudDocs/Xcode\ Projects/Simple\ Calendar
    

SwiftCompile normal arm64 /Users/nathanfennel/Library/Mobile\ Documents/com~apple~CloudDocs/Xcode\ Projects/Simple\ Calendar/Simple\ Calendar/SearchResultRow.swift (in target 'Simple Calendar' from project 'Simple Calendar')
    cd /Users/nathanfennel/Library/Mobile\ Documents/com\~apple\~CloudDocs/Xcode\ Projects/Simple\ Calendar
    

SwiftCompile normal arm64 /Users/nathanfennel/Library/Mobile\ Documents/com~apple~CloudDocs/Xcode\ Projects/Simple\ Calendar/Simple\ Calendar/SearchView.swift (in target 'Simple Calendar' from project 'Simple Calendar')
    cd /Users/nathanfennel/Library/Mobile\ Documents/com\~apple\~CloudDocs/Xcode\ Projects/Simple\ Calendar
    

SwiftCompile normal arm64 Compiling\ AgendaView.swift,\ AnimationAlphaSettings.swift,\ AstronomicalInfoSectionTV.swift,\ BrowserSelectionView.swift,\ CalendarGradientBackground.swift,\ CalendarViewModel.swift,\ Color+Extension.swift,\ ColorPalette.swift,\ ColorTheme.swift /Users/nathanfennel/Library/Mobile\ Documents/com~apple~CloudDocs/Xcode\ Projects/Simple\ Calendar/Simple\ Calendar/AgendaView.swift /Users/nathanfennel/Library/Mobile\ Documents/com~apple~CloudDocs/Xcode\ Projects/Simple\ Calendar/Simple\ Calendar/AnimationAlphaSettings.swift /Users/nathanfennel/Library/Mobile\ Documents/com~apple~CloudDocs/Xcode\ Projects/Simple\ Calendar/Simple\ Calendar/AstronomicalInfoSectionTV.swift /Users/nathanfennel/Library/Mobile\ Documents/com~apple~CloudDocs/Xcode\ Projects/Simple\ Calendar/Simple\ Calendar/BrowserSelectionView.swift /Users/nathanfennel/Library/Mobile\ Documents/com~apple~CloudDocs/Xcode\ Projects/Simple\ Calendar/Simple\ Calendar/CalendarGradientBackground.swift /Users/nathanfennel/Library/Mobile\ Documents/com~apple~CloudDocs/Xcode\ Projects/Simple\ Calendar/Simple\ Calendar/CalendarViewModel.swift /Users/nathanfennel/Library/Mobile\ Documents/com~apple~CloudDocs/Xcode\ Projects/Simple\ Calendar/Simple\ Calendar/Color+Extension.swift /Users/nathanfennel/Library/Mobile\ Documents/com~apple~CloudDocs/Xcode\ Projects/Simple\ Calendar/Simple\ Calendar/ColorPalette.swift /Users/nathanfennel/Library/Mobile\ Documents/com~apple~CloudDocs/Xcode\ Projects/Simple\ Calendar/Simple\ Calendar/ColorTheme.swift (in target 'Simple Calendar' from project 'Simple Calendar')

SwiftCompile normal arm64 /Users/nathanfennel/Library/Mobile\ Documents/com~apple~CloudDocs/Xcode\ Projects/Simple\ Calendar/Simple\ Calendar/AgendaView.swift (in target 'Simple Calendar' from project 'Simple Calendar')
    cd /Users/nathanfennel/Library/Mobile\ Documents/com\~apple\~CloudDocs/Xcode\ Projects/Simple\ Calendar
    

SwiftCompile normal arm64 /Users/nathanfennel/Library/Mobile\ Documents/com~apple~CloudDocs/Xcode\ Projects/Simple\ Calendar/Simple\ Calendar/AnimationAlphaSettings.swift (in target 'Simple Calendar' from project 'Simple Calendar')
    cd /Users/nathanfennel/Library/Mobile\ Documents/com\~apple\~CloudDocs/Xcode\ Projects/Simple\ Calendar
    

SwiftCompile normal arm64 /Users/nathanfennel/Library/Mobile\ Documents/com~apple~CloudDocs/Xcode\ Projects/Simple\ Calendar/Simple\ Calendar/AstronomicalInfoSectionTV.swift (in target 'Simple Calendar' from project 'Simple Calendar')
    cd /Users/nathanfennel/Library/Mobile\ Documents/com\~apple\~CloudDocs/Xcode\ Projects/Simple\ Calendar
    

SwiftCompile normal arm64 /Users/nathanfennel/Library/Mobile\ Documents/com~apple~CloudDocs/Xcode\ Projects/Simple\ Calendar/Simple\ Calendar/BrowserSelectionView.swift (in target 'Simple Calendar' from project 'Simple Calendar')
    cd /Users/nathanfennel/Library/Mobile\ Documents/com\~apple\~CloudDocs/Xcode\ Projects/Simple\ Calendar
    

SwiftCompile normal arm64 /Users/nathanfennel/Library/Mobile\ Documents/com~apple~CloudDocs/Xcode\ Projects/Simple\ Calendar/Simple\ Calendar/CalendarGradientBackground.swift (in target 'Simple Calendar' from project 'Simple Calendar')
    cd /Users/nathanfennel/Library/Mobile\ Documents/com\~apple\~CloudDocs/Xcode\ Projects/Simple\ Calendar
    

SwiftCompile normal arm64 /Users/nathanfennel/Library/Mobile\ Documents/com~apple~CloudDocs/Xcode\ Projects/Simple\ Calendar/Simple\ Calendar/CalendarViewModel.swift (in target 'Simple Calendar' from project 'Simple Calendar')
    cd /Users/nathanfennel/Library/Mobile\ Documents/com\~apple\~CloudDocs/Xcode\ Projects/Simple\ Calendar
    

SwiftCompile normal arm64 /Users/nathanfennel/Library/Mobile\ Documents/com~apple~CloudDocs/Xcode\ Projects/Simple\ Calendar/Simple\ Calendar/Color+Extension.swift (in target 'Simple Calendar' from project 'Simple Calendar')
    cd /Users/nathanfennel/Library/Mobile\ Documents/com\~apple\~CloudDocs/Xcode\ Projects/Simple\ Calendar
    
/Users/nathanfennel/Library/Mobile Documents/com~apple~CloudDocs/Xcode Projects/Simple Calendar/Simple Calendar/Color+Extension.swift:26:24: error: cannot convert value of type 'Void' to expected condition type 'Bool'
            if nsColor.getHue(&hue, saturation: &saturation, brightness: &brightness, alpha: &alpha) {
               ~~~~~~~~^~~~~~~~~~~~~~~~~~~~~~~~~~~~~~~~~~~~~~~~~~~~~~~~~~~~~~~~~~~~~~~~~~~~~~~~~~~~~
/Users/nathanfennel/Library/Mobile Documents/com~apple~CloudDocs/Xcode Projects/Simple Calendar/Simple Calendar/Color+Extension.swift:37:24: error: cannot convert value of type 'Void' to expected condition type 'Bool'
            if nsColor.getRed(&red, green: &green, blue: &blue, alpha: &alpha2) {
               ~~~~~~~~^~~~~~~~~~~~~~~~~~~~~~~~~~~~~~~~~~~~~~~~~~~~~~~~~~~~~~~~
/Users/nathanfennel/Library/Mobile Documents/com~apple~CloudDocs/Xcode Projects/Simple Calendar/Simple Calendar/Color+Extension.swift:19:12: error: initializer for conditional binding must have Optional type, not 'NSColor'
        if let nsColor = NSColor(self) {
           ^             ~~~~~~~~~~~~~

SwiftCompile normal arm64 /Users/nathanfennel/Library/Mobile\ Documents/com~apple~CloudDocs/Xcode\ Projects/Simple\ Calendar/Simple\ Calendar/ColorPalette.swift (in target 'Simple Calendar' from project 'Simple Calendar')
    cd /Users/nathanfennel/Library/Mobile\ Documents/com\~apple\~CloudDocs/Xcode\ Projects/Simple\ Calendar
    

SwiftCompile normal arm64 /Users/nathanfennel/Library/Mobile\ Documents/com~apple~CloudDocs/Xcode\ Projects/Simple\ Calendar/Simple\ Calendar/ColorTheme.swift (in target 'Simple Calendar' from project 'Simple Calendar')
    cd /Users/nathanfennel/Library/Mobile\ Documents/com\~apple\~CloudDocs/Xcode\ Projects/Simple\ Calendar
    

SwiftCompile normal arm64 Compiling\ EventIconManager.swift,\ EventMapView.swift,\ EventTemplates.swift,\ EventTemplateSelector.swift,\ FeatureFlags.swift,\ GoogleCalendarAPI.swift,\ GoogleOAuthManager.swift,\ HelpView.swift,\ Holiday.swift /Users/nathanfennel/Library/Mobile\ Documents/com~apple~CloudDocs/Xcode\ Projects/Simple\ Calendar/Simple\ Calendar/EventIconManager.swift /Users/nathanfennel/Library/Mobile\ Documents/com~apple~CloudDocs/Xcode\ Projects/Simple\ Calendar/Simple\ Calendar/EventMapView.swift /Users/nathanfennel/Library/Mobile\ Documents/com~apple~CloudDocs/Xcode\ Projects/Simple\ Calendar/Simple\ Calendar/EventTemplates.swift /Users/nathanfennel/Library/Mobile\ Documents/com~apple~CloudDocs/Xcode\ Projects/Simple\ Calendar/Simple\ Calendar/EventTemplateSelector.swift /Users/nathanfennel/Library/Mobile\ Documents/com~apple~CloudDocs/Xcode\ Projects/Simple\ Calendar/Simple\ Calendar/FeatureFlags.swift /Users/nathanfennel/Library/Mobile\ Documents/com~apple~CloudDocs/Xcode\ Projects/Simple\ Calendar/Simple\ Calendar/GoogleCalendarAPI.swift /Users/nathanfennel/Library/Mobile\ Documents/com~apple~CloudDocs/Xcode\ Projects/Simple\ Calendar/Simple\ Calendar/GoogleOAuthManager.swift /Users/nathanfennel/Library/Mobile\ Documents/com~apple~CloudDocs/Xcode\ Projects/Simple\ Calendar/Simple\ Calendar/HelpView.swift /Users/nathanfennel/Library/Mobile\ Documents/com~apple~CloudDocs/Xcode\ Projects/Simple\ Calendar/Simple\ Calendar/Holiday.swift (in target 'Simple Calendar' from project 'Simple Calendar')

SwiftCompile normal arm64 /Users/nathanfennel/Library/Mobile\ Documents/com~apple~CloudDocs/Xcode\ Projects/Simple\ Calendar/Simple\ Calendar/EventIconManager.swift (in target 'Simple Calendar' from project 'Simple Calendar')
    cd /Users/nathanfennel/Library/Mobile\ Documents/com\~apple\~CloudDocs/Xcode\ Projects/Simple\ Calendar
    

SwiftCompile normal arm64 /Users/nathanfennel/Library/Mobile\ Documents/com~apple~CloudDocs/Xcode\ Projects/Simple\ Calendar/Simple\ Calendar/EventMapView.swift (in target 'Simple Calendar' from project 'Simple Calendar')
    cd /Users/nathanfennel/Library/Mobile\ Documents/com\~apple\~CloudDocs/Xcode\ Projects/Simple\ Calendar
    

SwiftCompile normal arm64 /Users/nathanfennel/Library/Mobile\ Documents/com~apple~CloudDocs/Xcode\ Projects/Simple\ Calendar/Simple\ Calendar/EventTemplates.swift (in target 'Simple Calendar' from project 'Simple Calendar')
    cd /Users/nathanfennel/Library/Mobile\ Documents/com\~apple\~CloudDocs/Xcode\ Projects/Simple\ Calendar
    

SwiftCompile normal arm64 /Users/nathanfennel/Library/Mobile\ Documents/com~apple~CloudDocs/Xcode\ Projects/Simple\ Calendar/Simple\ Calendar/EventTemplateSelector.swift (in target 'Simple Calendar' from project 'Simple Calendar')
    cd /Users/nathanfennel/Library/Mobile\ Documents/com\~apple\~CloudDocs/Xcode\ Projects/Simple\ Calendar
    

SwiftCompile normal arm64 /Users/nathanfennel/Library/Mobile\ Documents/com~apple~CloudDocs/Xcode\ Projects/Simple\ Calendar/Simple\ Calendar/FeatureFlags.swift (in target 'Simple Calendar' from project 'Simple Calendar')
    cd /Users/nathanfennel/Library/Mobile\ Documents/com\~apple\~CloudDocs/Xcode\ Projects/Simple\ Calendar
    

SwiftCompile normal arm64 /Users/nathanfennel/Library/Mobile\ Documents/com~apple~CloudDocs/Xcode\ Projects/Simple\ Calendar/Simple\ Calendar/GoogleCalendarAPI.swift (in target 'Simple Calendar' from project 'Simple Calendar')
    cd /Users/nathanfennel/Library/Mobile\ Documents/com\~apple\~CloudDocs/Xcode\ Projects/Simple\ Calendar
    

SwiftCompile normal arm64 /Users/nathanfennel/Library/Mobile\ Documents/com~apple~CloudDocs/Xcode\ Projects/Simple\ Calendar/Simple\ Calendar/GoogleOAuthManager.swift (in target 'Simple Calendar' from project 'Simple Calendar')
    cd /Users/nathanfennel/Library/Mobile\ Documents/com\~apple\~CloudDocs/Xcode\ Projects/Simple\ Calendar
    

SwiftCompile normal arm64 /Users/nathanfennel/Library/Mobile\ Documents/com~apple~CloudDocs/Xcode\ Projects/Simple\ Calendar/Simple\ Calendar/HelpView.swift (in target 'Simple Calendar' from project 'Simple Calendar')
    cd /Users/nathanfennel/Library/Mobile\ Documents/com\~apple\~CloudDocs/Xcode\ Projects/Simple\ Calendar
    

SwiftCompile normal arm64 /Users/nathanfennel/Library/Mobile\ Documents/com~apple~CloudDocs/Xcode\ Projects/Simple\ Calendar/Simple\ Calendar/Holiday.swift (in target 'Simple Calendar' from project 'Simple Calendar')
    cd /Users/nathanfennel/Library/Mobile\ Documents/com\~apple\~CloudDocs/Xcode\ Projects/Simple\ Calendar
    

SwiftCompile normal arm64 Compiling\ ContentView.swift,\ DayDetailSlideOut.swift,\ DayDetailView.swift,\ DaylightManager.swift,\ DaylightVisualizationView.swift,\ DayView.swift,\ EventCreationView.swift,\ EventDetailView.swift,\ EventExporter.swift /Users/nathanfennel/Library/Mobile\ Documents/com~apple~CloudDocs/Xcode\ Projects/Simple\ Calendar/Simple\ Calendar/ContentView.swift /Users/nathanfennel/Library/Mobile\ Documents/com~apple~CloudDocs/Xcode\ Projects/Simple\ Calendar/Simple\ Calendar/DayDetailSlideOut.swift /Users/nathanfennel/Library/Mobile\ Documents/com~apple~CloudDocs/Xcode\ Projects/Simple\ Calendar/Simple\ Calendar/DayDetailView.swift /Users/nathanfennel/Library/Mobile\ Documents/com~apple~CloudDocs/Xcode\ Projects/Simple\ Calendar/Simple\ Calendar/DaylightManager.swift /Users/nathanfennel/Library/Mobile\ Documents/com~apple~CloudDocs/Xcode\ Projects/Simple\ Calendar/Simple\ Calendar/DaylightVisualizationView.swift /Users/nathanfennel/Library/Mobile\ Documents/com~apple~CloudDocs/Xcode\ Projects/Simple\ Calendar/Simple\ Calendar/DayView.swift /Users/nathanfennel/Library/Mobile\ Documents/com~apple~CloudDocs/Xcode\ Projects/Simple\ Calendar/Simple\ Calendar/EventCreationView.swift /Users/nathanfennel/Library/Mobile\ Documents/com~apple~CloudDocs/Xcode\ Projects/Simple\ Calendar/Simple\ Calendar/EventDetailView.swift /Users/nathanfennel/Library/Mobile\ Documents/com~apple~CloudDocs/Xcode\ Projects/Simple\ Calendar/Simple\ Calendar/EventExporter.swift (in target 'Simple Calendar' from project 'Simple Calendar')

SwiftCompile normal arm64 /Users/nathanfennel/Library/Mobile\ Documents/com~apple~CloudDocs/Xcode\ Projects/Simple\ Calendar/Simple\ Calendar/ContentView.swift (in target 'Simple Calendar' from project 'Simple Calendar')
    cd /Users/nathanfennel/Library/Mobile\ Documents/com\~apple\~CloudDocs/Xcode\ Projects/Simple\ Calendar
    
/Users/nathanfennel/Library/Mobile Documents/com~apple~CloudDocs/Xcode Projects/Simple Calendar/Simple Calendar/ContentView.swift:98:137: warning: left side of nil coalescing operator '??' has non-optional type 'GoogleOAuthManager', so the right side is never used
            SettingsContentView(showSettings: $calendarViewModel.showSettings, googleOAuthManager: calendarViewModel.googleOAuthManager ?? GoogleOAuthManager())
                                                                                                   ~~~~~~~~~~~~~~~~~~~~~~~~~~~~~~~~~~~~~^~~~~~~~~~~~~~~~~~~~~~~
                                                                                                                                       
/Users/nathanfennel/Library/Mobile Documents/com~apple~CloudDocs/Xcode Projects/Simple Calendar/Simple Calendar/ContentView.swift:103:10: error: 'fullScreenCover(isPresented:onDismiss:content:)' is unavailable in macOS
        .fullScreenCover(isPresented: $showPermissionPrimer) {
         ^~~~~~~~~~~~~~~
SwiftUI.View.fullScreenCover:2:25: note: 'fullScreenCover(isPresented:onDismiss:content:)' has been explicitly marked unavailable here
nonisolated public func fullScreenCover<Content>(isPresented: Binding<Bool>, onDismiss: (() -> Void)? = nil, @ViewBuilder content: @escaping () -> Content) -> some View where Content : View
                        ^
/Users/nathanfennel/Library/Mobile Documents/com~apple~CloudDocs/Xcode Projects/Simple Calendar/Simple Calendar/ContentView.swift:418:14: warning: 'onChange(of:perform:)' was deprecated in macOS 14.0: Use `onChange` with a two or zero parameter action closure instead.
            .onChange(of: colorScheme) { newColorScheme in
             ^
/Users/nathanfennel/Library/Mobile Documents/com~apple~CloudDocs/Xcode Projects/Simple Calendar/Simple Calendar/ContentView.swift:421:14: warning: 'onChange(of:perform:)' was deprecated in macOS 14.0: Use `onChange` with a two or zero parameter action closure instead.
            .onChange(of: uiConfig.dayNumberFontSize) { newFontSize in
             ^
/Users/nathanfennel/Library/Mobile Documents/com~apple~CloudDocs/Xcode Projects/Simple Calendar/Simple Calendar/ContentView.swift:425:14: warning: 'onChange(of:perform:)' was deprecated in macOS 14.0: Use `onChange` with a two or zero parameter action closure instead.
            .onChange(of: uiConfig.gridLineOpacity) { _ in
             ^

SwiftCompile normal arm64 /Users/nathanfennel/Library/Mobile\ Documents/com~apple~CloudDocs/Xcode\ Projects/Simple\ Calendar/Simple\ Calendar/DayDetailSlideOut.swift (in target 'Simple Calendar' from project 'Simple Calendar')
    cd /Users/nathanfennel/Library/Mobile\ Documents/com\~apple\~CloudDocs/Xcode\ Projects/Simple\ Calendar
    

SwiftCompile normal arm64 /Users/nathanfennel/Library/Mobile\ Documents/com~apple~CloudDocs/Xcode\ Projects/Simple\ Calendar/Simple\ Calendar/DayDetailView.swift (in target 'Simple Calendar' from project 'Simple Calendar')
    cd /Users/nathanfennel/Library/Mobile\ Documents/com\~apple\~CloudDocs/Xcode\ Projects/Simple\ Calendar
    

SwiftCompile normal arm64 /Users/nathanfennel/Library/Mobile\ Documents/com~apple~CloudDocs/Xcode\ Projects/Simple\ Calendar/Simple\ Calendar/DaylightManager.swift (in target 'Simple Calendar' from project 'Simple Calendar')
    cd /Users/nathanfennel/Library/Mobile\ Documents/com\~apple\~CloudDocs/Xcode\ Projects/Simple\ Calendar
    

SwiftCompile normal arm64 /Users/nathanfennel/Library/Mobile\ Documents/com~apple~CloudDocs/Xcode\ Projects/Simple\ Calendar/Simple\ Calendar/DaylightVisualizationView.swift (in target 'Simple Calendar' from project 'Simple Calendar')
    cd /Users/nathanfennel/Library/Mobile\ Documents/com\~apple\~CloudDocs/Xcode\ Projects/Simple\ Calendar
    

SwiftCompile normal arm64 /Users/nathanfennel/Library/Mobile\ Documents/com~apple~CloudDocs/Xcode\ Projects/Simple\ Calendar/Simple\ Calendar/DayView.swift (in target 'Simple Calendar' from project 'Simple Calendar')
    cd /Users/nathanfennel/Library/Mobile\ Documents/com\~apple\~CloudDocs/Xcode\ Projects/Simple\ Calendar
    
/Users/nathanfennel/Library/Mobile Documents/com~apple~CloudDocs/Xcode Projects/Simple Calendar/Simple Calendar/DayView.swift:81:14: warning: 'onChange(of:perform:)' was deprecated in macOS 14.0: Use `onChange` with a two or zero parameter action closure instead.
            .onChange(of: day.date, perform: handleDateChange)
             ^
/Users/nathanfennel/Library/Mobile Documents/com~apple~CloudDocs/Xcode Projects/Simple Calendar/Simple Calendar/DayView.swift:176:31: error: cannot find 'eventIndicatorColor' in scope
                        .fill(eventIndicatorColor(for: index))
                              ^~~~~~~~~~~~~~~~~~~

SwiftCompile normal arm64 /Users/nathanfennel/Library/Mobile\ Documents/com~apple~CloudDocs/Xcode\ Projects/Simple\ Calendar/Simple\ Calendar/EventCreationView.swift (in target 'Simple Calendar' from project 'Simple Calendar')
    cd /Users/nathanfennel/Library/Mobile\ Documents/com\~apple\~CloudDocs/Xcode\ Projects/Simple\ Calendar
    
/Users/nathanfennel/Library/Mobile Documents/com~apple~CloudDocs/Xcode Projects/Simple Calendar/Simple Calendar/EventCreationView.swift:89:26: error: value of type 'TextField<Text>' has no member 'keyboardType'
                        .keyboardType(.emailAddress)
                         ^~~~~~~~~~~~
/Users/nathanfennel/Library/Mobile Documents/com~apple~CloudDocs/Xcode Projects/Simple Calendar/Simple Calendar/EventCreationView.swift:89:40: error: cannot infer contextual base in reference to member 'emailAddress'
                        .keyboardType(.emailAddress)
                                      ~^~~~~~~~~~~~
/Users/nathanfennel/Library/Mobile Documents/com~apple~CloudDocs/Xcode Projects/Simple Calendar/Simple Calendar/EventCreationView.swift:90:46: error: cannot infer contextual base in reference to member 'none'
                        .autocapitalization(.none)
                                            ~^~~~
/Users/nathanfennel/Library/Mobile Documents/com~apple~CloudDocs/Xcode Projects/Simple Calendar/Simple Calendar/EventCreationView.swift:244:20: warning: 'requestAccess(to:completion:)' was deprecated in macOS 14.0: Use -requestFullAccessToEventsWithCompletion:, -requestWriteOnlyAccessToEventsWithCompletion:, or -requestFullAccessToRemindersWithCompletion:
        eventStore.requestAccess(to: .event) { granted, error in
                   ^

SwiftCompile normal arm64 /Users/nathanfennel/Library/Mobile\ Documents/com~apple~CloudDocs/Xcode\ Projects/Simple\ Calendar/Simple\ Calendar/EventDetailView.swift (in target 'Simple Calendar' from project 'Simple Calendar')
    cd /Users/nathanfennel/Library/Mobile\ Documents/com\~apple\~CloudDocs/Xcode\ Projects/Simple\ Calendar
    

SwiftCompile normal arm64 /Users/nathanfennel/Library/Mobile\ Documents/com~apple~CloudDocs/Xcode\ Projects/Simple\ Calendar/Simple\ Calendar/EventExporter.swift (in target 'Simple Calendar' from project 'Simple Calendar')
    cd /Users/nathanfennel/Library/Mobile\ Documents/com\~apple\~CloudDocs/Xcode\ Projects/Simple\ Calendar
    

SwiftCompile normal arm64 Compiling\ TVEventManagementView.swift,\ UIConfiguration.swift,\ UnsplashAPI.swift,\ URLTextView.swift,\ ViewModeSelectorView.swift,\ WeatherDisplayState.swift,\ WeatherManager.swift,\ GeneratedAssetSymbols.swift /Users/nathanfennel/Library/Mobile\ Documents/com~apple~CloudDocs/Xcode\ Projects/Simple\ Calendar/Simple\ Calendar/TVEventManagementView.swift /Users/nathanfennel/Library/Mobile\ Documents/com~apple~CloudDocs/Xcode\ Projects/Simple\ Calendar/Simple\ Calendar/UIConfiguration.swift /Users/nathanfennel/Library/Mobile\ Documents/com~apple~CloudDocs/Xcode\ Projects/Simple\ Calendar/Simple\ Calendar/UnsplashAPI.swift /Users/nathanfennel/Library/Mobile\ Documents/com~apple~CloudDocs/Xcode\ Projects/Simple\ Calendar/Simple\ Calendar/URLTextView.swift /Users/nathanfennel/Library/Mobile\ Documents/com~apple~CloudDocs/Xcode\ Projects/Simple\ Calendar/Simple\ Calendar/ViewModeSelectorView.swift /Users/nathanfennel/Library/Mobile\ Documents/com~apple~CloudDocs/Xcode\ Projects/Simple\ Calendar/Simple\ Calendar/WeatherDisplayState.swift /Users/nathanfennel/Library/Mobile\ Documents/com~apple~CloudDocs/Xcode\ Projects/Simple\ Calendar/Simple\ Calendar/WeatherManager.swift /Users/nathanfennel/Library/Developer/Xcode/DerivedData/Simple_Calendar-ebdbavblwrmkibcmogqvhaymdqdg/Build/Intermediates.noindex/Simple\ Calendar.build/Debug/Simple\ Calendar.build/DerivedSources/GeneratedAssetSymbols.swift (in target 'Simple Calendar' from project 'Simple Calendar')

SwiftCompile normal arm64 /Users/nathanfennel/Library/Mobile\ Documents/com~apple~CloudDocs/Xcode\ Projects/Simple\ Calendar/Simple\ Calendar/TVEventManagementView.swift (in target 'Simple Calendar' from project 'Simple Calendar')
    cd /Users/nathanfennel/Library/Mobile\ Documents/com\~apple\~CloudDocs/Xcode\ Projects/Simple\ Calendar
    

SwiftCompile normal arm64 /Users/nathanfennel/Library/Mobile\ Documents/com~apple~CloudDocs/Xcode\ Projects/Simple\ Calendar/Simple\ Calendar/UIConfiguration.swift (in target 'Simple Calendar' from project 'Simple Calendar')
    cd /Users/nathanfennel/Library/Mobile\ Documents/com\~apple\~CloudDocs/Xcode\ Projects/Simple\ Calendar
    

SwiftCompile normal arm64 /Users/nathanfennel/Library/Mobile\ Documents/com~apple~CloudDocs/Xcode\ Projects/Simple\ Calendar/Simple\ Calendar/UnsplashAPI.swift (in target 'Simple Calendar' from project 'Simple Calendar')
    cd /Users/nathanfennel/Library/Mobile\ Documents/com\~apple\~CloudDocs/Xcode\ Projects/Simple\ Calendar
    

SwiftCompile normal arm64 /Users/nathanfennel/Library/Mobile\ Documents/com~apple~CloudDocs/Xcode\ Projects/Simple\ Calendar/Simple\ Calendar/URLTextView.swift (in target 'Simple Calendar' from project 'Simple Calendar')
    cd /Users/nathanfennel/Library/Mobile\ Documents/com\~apple\~CloudDocs/Xcode\ Projects/Simple\ Calendar
    

SwiftCompile normal arm64 /Users/nathanfennel/Library/Mobile\ Documents/com~apple~CloudDocs/Xcode\ Projects/Simple\ Calendar/Simple\ Calendar/ViewModeSelectorView.swift (in target 'Simple Calendar' from project 'Simple Calendar')
    cd /Users/nathanfennel/Library/Mobile\ Documents/com\~apple\~CloudDocs/Xcode\ Projects/Simple\ Calendar
    

SwiftCompile normal arm64 /Users/nathanfennel/Library/Mobile\ Documents/com~apple~CloudDocs/Xcode\ Projects/Simple\ Calendar/Simple\ Calendar/WeatherDisplayState.swift (in target 'Simple Calendar' from project 'Simple Calendar')
    cd /Users/nathanfennel/Library/Mobile\ Documents/com\~apple\~CloudDocs/Xcode\ Projects/Simple\ Calendar
    

SwiftCompile normal arm64 /Users/nathanfennel/Library/Mobile\ Documents/com~apple~CloudDocs/Xcode\ Projects/Simple\ Calendar/Simple\ Calendar/WeatherManager.swift (in target 'Simple Calendar' from project 'Simple Calendar')
    cd /Users/nathanfennel/Library/Mobile\ Documents/com\~apple\~CloudDocs/Xcode\ Projects/Simple\ Calendar
    

SwiftCompile normal arm64 /Users/nathanfennel/Library/Developer/Xcode/DerivedData/Simple_Calendar-ebdbavblwrmkibcmogqvhaymdqdg/Build/Intermediates.noindex/Simple\ Calendar.build/Debug/Simple\ Calendar.build/DerivedSources/GeneratedAssetSymbols.swift (in target 'Simple Calendar' from project 'Simple Calendar')
    cd /Users/nathanfennel/Library/Mobile\ Documents/com\~apple\~CloudDocs/Xcode\ Projects/Simple\ Calendar
    

SwiftDriverJobDiscovery normal arm64 Emitting module for Simple_Calendar (in target 'Simple Calendar' from project 'Simple Calendar')

SwiftDriver\ Compilation\ Requirements Simple\ Calendar normal arm64 com.apple.xcode.tools.swift.compiler (in target 'Simple Calendar' from project 'Simple Calendar')
    cd /Users/nathanfennel/Library/Mobile\ Documents/com\~apple\~CloudDocs/Xcode\ Projects/Simple\ Calendar
    builtin-Swift-Compilation-Requirements -- /Applications/Xcode.app/Contents/Developer/Toolchains/XcodeDefault.xctoolchain/usr/bin/swiftc -module-name Simple_Calendar -Onone -enforce-exclusivity\=checked @/Users/nathanfennel/Library/Developer/Xcode/DerivedData/Simple_Calendar-ebdbavblwrmkibcmogqvhaymdqdg/Build/Intermediates.noindex/Simple\ Calendar.build/Debug/Simple\ Calendar.build/Objects-normal/arm64/Simple\ Calendar.SwiftFileList -DDEBUG -default-isolation\=MainActor -enable-bare-slash-regex -enable-upcoming-feature DisableOutwardActorInference -enable-upcoming-feature InferSendableFromCaptures -enable-upcoming-feature GlobalActorIsolatedTypesUsability -enable-upcoming-feature MemberImportVisibility -enable-upcoming-feature InferIsolatedConformances -enable-upcoming-feature NonisolatedNonsendingByDefault -enable-experimental-feature DebugDescriptionMacro -sdk /Applications/Xcode.app/Contents/Developer/Platforms/MacOSX.platform/Developer/SDKs/MacOSX26.1.sdk -target arm64-apple-macos15.6 -g -module-cache-path /Users/nathanfennel/Library/Developer/Xcode/DerivedData/ModuleCache.noindex -Xfrontend -serialize-debugging-options -profile-coverage-mapping -profile-generate -enable-testing -index-store-path /Users/nathanfennel/Library/Developer/Xcode/DerivedData/Simple_Calendar-ebdbavblwrmkibcmogqvhaymdqdg/Index.noindex/DataStore -Xcc -D_LIBCPP_HARDENING_MODE\=_LIBCPP_HARDENING_MODE_DEBUG -swift-version 5 -I /Users/nathanfennel/Library/Developer/Xcode/DerivedData/Simple_Calendar-ebdbavblwrmkibcmogqvhaymdqdg/Build/Products/Debug -F /Users/nathanfennel/Library/Developer/Xcode/DerivedData/Simple_Calendar-ebdbavblwrmkibcmogqvhaymdqdg/Build/Products/Debug -emit-localized-strings -emit-localized-strings-path /Users/nathanfennel/Library/Developer/Xcode/DerivedData/Simple_Calendar-ebdbavblwrmkibcmogqvhaymdqdg/Build/Intermediates.noindex/Simple\ Calendar.build/Debug/Simple\ Calendar.build/Objects-normal/arm64 -c -j8 -enable-batch-mode -incremental -Xcc -ivfsstatcache -Xcc /Users/nathanfennel/Library/Developer/Xcode/DerivedData/SDKStatCaches.noindex/macosx26.1-25B74-3ae1261907bdadc328169391a47051a6.sdkstatcache -output-file-map /Users/nathanfennel/Library/Developer/Xcode/DerivedData/Simple_Calendar-ebdbavblwrmkibcmogqvhaymdqdg/Build/Intermediates.noindex/Simple\ Calendar.build/Debug/Simple\ Calendar.build/Objects-normal/arm64/Simple\ Calendar-OutputFileMap.json -use-frontend-parseable-output -save-temps -no-color-diagnostics -explicit-module-build -module-cache-path /Users/nathanfennel/Library/Developer/Xcode/DerivedData/Simple_Calendar-ebdbavblwrmkibcmogqvhaymdqdg/Build/Intermediates.noindex/SwiftExplicitPrecompiledModules -clang-scanner-module-cache-path /Users/nathanfennel/Library/Developer/Xcode/DerivedData/ModuleCache.noindex -sdk-module-cache-path /Users/nathanfennel/Library/Developer/Xcode/DerivedData/ModuleCache.noindex -serialize-diagnostics -emit-dependencies -emit-module -emit-module-path /Users/nathanfennel/Library/Developer/Xcode/DerivedData/Simple_Calendar-ebdbavblwrmkibcmogqvhaymdqdg/Build/Intermediates.noindex/Simple\ Calendar.build/Debug/Simple\ Calendar.build/Objects-normal/arm64/Simple_Calendar.swiftmodule -validate-clang-modules-once -clang-build-session-file /Users/nathanfennel/Library/Developer/Xcode/DerivedData/ModuleCache.noindex/Session.modulevalidation -Xcc -I/Users/nathanfennel/Library/Developer/Xcode/DerivedData/Simple_Calendar-ebdbavblwrmkibcmogqvhaymdqdg/Build/Intermediates.noindex/Simple\ Calendar.build/Debug/Simple\ Calendar.build/swift-overrides.hmap -emit-const-values -Xfrontend -const-gather-protocols-file -Xfrontend /Users/nathanfennel/Library/Developer/Xcode/DerivedData/Simple_Calendar-ebdbavblwrmkibcmogqvhaymdqdg/Build/Intermediates.noindex/Simple\ Calendar.build/Debug/Simple\ Calendar.build/Objects-normal/arm64/Simple\ Calendar_const_extract_protocols.json -Xcc -iquote -Xcc /Users/nathanfennel/Library/Developer/Xcode/DerivedData/Simple_Calendar-ebdbavblwrmkibcmogqvhaymdqdg/Build/Intermediates.noindex/Simple\ Calendar.build/Debug/Simple\ Calendar.build/Simple\ Calendar-generated-files.hmap -Xcc -I/Users/nathanfennel/Library/Developer/Xcode/DerivedData/Simple_Calendar-ebdbavblwrmkibcmogqvhaymdqdg/Build/Intermediates.noindex/Simple\ Calendar.build/Debug/Simple\ Calendar.build/Simple\ Calendar-own-target-headers.hmap -Xcc -I/Users/nathanfennel/Library/Developer/Xcode/DerivedData/Simple_Calendar-ebdbavblwrmkibcmogqvhaymdqdg/Build/Intermediates.noindex/Simple\ Calendar.build/Debug/Simple\ Calendar.build/Simple\ Calendar-all-target-headers.hmap -Xcc -iquote -Xcc /Users/nathanfennel/Library/Developer/Xcode/DerivedData/Simple_Calendar-ebdbavblwrmkibcmogqvhaymdqdg/Build/Intermediates.noindex/Simple\ Calendar.build/Debug/Simple\ Calendar.build/Simple\ Calendar-project-headers.hmap -Xcc -I/Users/nathanfennel/Library/Developer/Xcode/DerivedData/Simple_Calendar-ebdbavblwrmkibcmogqvhaymdqdg/Build/Products/Debug/include -Xcc -I/Users/nathanfennel/Library/Developer/Xcode/DerivedData/Simple_Calendar-ebdbavblwrmkibcmogqvhaymdqdg/Build/Intermediates.noindex/Simple\ Calendar.build/Debug/Simple\ Calendar.build/DerivedSources-normal/arm64 -Xcc -I/Users/nathanfennel/Library/Developer/Xcode/DerivedData/Simple_Calendar-ebdbavblwrmkibcmogqvhaymdqdg/Build/Intermediates.noindex/Simple\ Calendar.build/Debug/Simple\ Calendar.build/DerivedSources/arm64 -Xcc -I/Users/nathanfennel/Library/Developer/Xcode/DerivedData/Simple_Calendar-ebdbavblwrmkibcmogqvhaymdqdg/Build/Intermediates.noindex/Simple\ Calendar.build/Debug/Simple\ Calendar.build/DerivedSources -Xcc -DDEBUG\=1 -emit-objc-header -emit-objc-header-path /Users/nathanfennel/Library/Developer/Xcode/DerivedData/Simple_Calendar-ebdbavblwrmkibcmogqvhaymdqdg/Build/Intermediates.noindex/Simple\ Calendar.build/Debug/Simple\ Calendar.build/Objects-normal/arm64/Simple_Calendar-Swift.h -working-directory /Users/nathanfennel/Library/Mobile\ Documents/com\~apple\~CloudDocs/Xcode\ Projects/Simple\ Calendar -experimental-emit-module-separately -disable-cmo

** BUILD FAILED **


The following build commands failed:
	SwiftCompile normal arm64 /Users/nathanfennel/Library/Mobile\ Documents/com~apple~CloudDocs/Xcode\ Projects/Simple\ Calendar/Simple\ Calendar/HolidayDetailView.swift (in target 'Simple Calendar' from project 'Simple Calendar')
	SwiftCompile normal arm64 Compiling\ SettingsView.swift,\ Simple_CalendarApp.swift,\ SmallWeatherIndicator.swift,\ StatusBarView.swift,\ String+Localized.swift,\ ThemeCardTV.swift,\ ThemeManager.swift,\ TVEventCreationView.swift /Users/nathanfennel/Library/Mobile\ Documents/com~apple~CloudDocs/Xcode\ Projects/Simple\ Calendar/Simple\ Calendar/SettingsView.swift /Users/nathanfennel/Library/Mobile\ Documents/com~apple~CloudDocs/Xcode\ Projects/Simple\ Calendar/Simple\ Calendar/Simple_CalendarApp.swift /Users/nathanfennel/Library/Mobile\ Documents/com~apple~CloudDocs/Xcode\ Projects/Simple\ Calendar/Simple\ Calendar/SmallWeatherIndicator.swift /Users/nathanfennel/Library/Mobile\ Documents/com~apple~CloudDocs/Xcode\ Projects/Simple\ Calendar/Simple\ Calendar/StatusBarView.swift /Users/nathanfennel/Library/Mobile\ Documents/com~apple~CloudDocs/Xcode\ Projects/Simple\ Calendar/Simple\ Calendar/String+Localized.swift /Users/nathanfennel/Library/Mobile\ Documents/com~apple~CloudDocs/Xcode\ Projects/Simple\ Calendar/Simple\ Calendar/ThemeCardTV.swift /Users/nathanfennel/Library/Mobile\ Documents/com~apple~CloudDocs/Xcode\ Projects/Simple\ Calendar/Simple\ Calendar/ThemeManager.swift /Users/nathanfennel/Library/Mobile\ Documents/com~apple~CloudDocs/Xcode\ Projects/Simple\ Calendar/Simple\ Calendar/TVEventCreationView.swift (in target 'Simple Calendar' from project 'Simple Calendar')
	SwiftCompile normal arm64 /Users/nathanfennel/Library/Mobile\ Documents/com~apple~CloudDocs/Xcode\ Projects/Simple\ Calendar/Simple\ Calendar/SettingsView.swift (in target 'Simple Calendar' from project 'Simple Calendar')
	SwiftCompile normal arm64 /Users/nathanfennel/Library/Mobile\ Documents/com~apple~CloudDocs/Xcode\ Projects/Simple\ Calendar/Simple\ Calendar/TVEventCreationView.swift (in target 'Simple Calendar' from project 'Simple Calendar')
	SwiftCompile normal arm64 /Users/nathanfennel/Library/Mobile\ Documents/com~apple~CloudDocs/Xcode\ Projects/Simple\ Calendar/Simple\ Calendar/Color+Extension.swift (in target 'Simple Calendar' from project 'Simple Calendar')
	SwiftCompile normal arm64 /Users/nathanfennel/Library/Mobile\ Documents/com~apple~CloudDocs/Xcode\ Projects/Simple\ Calendar/Simple\ Calendar/ContentView.swift (in target 'Simple Calendar' from project 'Simple Calendar')
	SwiftCompile normal arm64 /Users/nathanfennel/Library/Mobile\ Documents/com~apple~CloudDocs/Xcode\ Projects/Simple\ Calendar/Simple\ Calendar/DayView.swift (in target 'Simple Calendar' from project 'Simple Calendar')
	SwiftCompile normal arm64 /Users/nathanfennel/Library/Mobile\ Documents/com~apple~CloudDocs/Xcode\ Projects/Simple\ Calendar/Simple\ Calendar/EventCreationView.swift (in target 'Simple Calendar' from project 'Simple Calendar')
	Building project Simple Calendar with scheme Simple Calendar
(9 failures)
